2026-05-22T00:39:45.644-06:00  INFO 142564 --- [invex.bnpl] [main] com.invex.rest.bnpl.Application          : Starting Application using Java 21.0.6 with PID 142564 (C:\Desarrollos\credito.bnpl.repo-main\target\classes started by djacl in C:\Desarrollos\credito.bnpl.repo-main)
2026-05-22T00:39:45.646-06:00  INFO 142564 --- [invex.bnpl] [main] com.invex.rest.bnpl.Application          : No active profile set, falling back to 1 default profile: "default"
2026-05-22T00:39:46.194-06:00  INFO 142564 --- [invex.bnpl] [main] .s.d.r.c.RepositoryConfigurationDelegate : Bootstrapping Spring Data JPA repositories in DEFAULT mode.
2026-05-22T00:39:46.249-06:00  INFO 142564 --- [invex.bnpl] [main] .s.d.r.c.RepositoryConfigurationDelegate : Finished Spring Data repository scanning in 45 ms. Found 1 JPA repository interface.
2026-05-22T00:39:46.704-06:00  INFO 142564 --- [invex.bnpl] [main] o.s.b.w.embedded.tomcat.TomcatWebServer  : Tomcat initialized with port 8080 (http)
2026-05-22T00:39:46.717-06:00  INFO 142564 --- [invex.bnpl] [main] o.apache.catalina.core.StandardService   : Starting service [Tomcat]
2026-05-22T00:39:46.717-06:00  INFO 142564 --- [invex.bnpl] [main] o.apache.catalina.core.StandardEngine    : Starting Servlet engine: [Apache Tomcat/10.1.25]
2026-05-22T00:39:46.770-06:00  INFO 142564 --- [invex.bnpl] [main] o.a.c.c.C.[Tomcat].[localhost].[/]       : Initializing Spring embedded WebApplicationContext
2026-05-22T00:39:46.770-06:00  INFO 142564 --- [invex.bnpl] [main] w.s.c.ServletWebServerApplicationContext : Root WebApplicationContext: initialization completed in 1082 ms
2026-05-22T00:39:46.918-06:00  INFO 142564 --- [invex.bnpl] [main] o.hibernate.jpa.internal.util.LogHelper  : HHH000204: Processing PersistenceUnitInfo [name: default]
2026-05-22T00:39:46.968-06:00  INFO 142564 --- [invex.bnpl] [main] org.hibernate.Version                    : HHH000412: Hibernate ORM core version 6.5.2.Final
2026-05-22T00:39:46.991-06:00  INFO 142564 --- [invex.bnpl] [main] o.h.c.internal.RegionFactoryInitiator    : HHH000026: Second-level cache disabled
2026-05-22T00:39:47.215-06:00  INFO 142564 --- [invex.bnpl] [main] o.s.o.j.p.SpringPersistenceUnitInfo      : No LoadTimeWeaver setup: ignoring JPA class transformer
2026-05-22T00:39:47.234-06:00  INFO 142564 --- [invex.bnpl] [main] com.zaxxer.hikari.HikariDataSource       : HikariPool-1 - Starting...
2026-05-22T00:39:47.387-06:00  INFO 142564 --- [invex.bnpl] [main] com.zaxxer.hikari.pool.HikariPool        : HikariPool-1 - Added connection conn0: url=jdbc:h2:file:/data/demo user=SA
2026-05-22T00:39:47.390-06:00  INFO 142564 --- [invex.bnpl] [main] com.zaxxer.hikari.HikariDataSource       : HikariPool-1 - Start completed.
2026-05-22T00:39:47.411-06:00  WARN 142564 --- [invex.bnpl] [main] org.hibernate.orm.deprecation            : HHH90000025: H2Dialect does not need to be specified explicitly using 'hibernate.dialect' (remove the property setting and it will be selected by default)
2026-05-22T00:39:47.943-06:00  INFO 142564 --- [invex.bnpl] [main] o.h.e.t.j.p.i.JtaPlatformInitiator       : HHH000489: No JTA platform available (set 'hibernate.transaction.jta.platform' to enable JTA platform integration)
2026-05-22T00:39:47.980-06:00  INFO 142564 --- [invex.bnpl] [main] j.LocalContainerEntityManagerFactoryBean : Initialized JPA EntityManagerFactory for persistence unit 'default'
2026-05-22T00:39:48.264-06:00  WARN 142564 --- [invex.bnpl] [main] JpaBaseConfiguration$JpaWebConfiguration : spring.jpa.open-in-view is enabled by default. Therefore, database queries may be performed during view rendering. Explicitly configure spring.jpa.open-in-view to disable this warning
2026-05-22T00:39:48.593-06:00  INFO 142564 --- [invex.bnpl] [main] o.s.b.w.embedded.tomcat.TomcatWebServer  : Tomcat started on port 8080 (http) with context path '/'
2026-05-22T00:39:48.603-06:00  INFO 142564 --- [invex.bnpl] [main] com.invex.rest.bnpl.Application          : Started Application in 3.269 seconds (process running for 3.615)
2026-05-22T00:44:11.865-06:00  INFO 142564 --- [invex.bnpl] [http-nio-8080-exec-3] o.a.c.c.C.[Tomcat].[localhost].[/]       : Initializing Spring DispatcherServlet 'dispatcherServlet'
2026-05-22T00:44:11.867-06:00  INFO 142564 --- [invex.bnpl] [http-nio-8080-exec-3] o.s.web.servlet.DispatcherServlet        : Initializing Servlet 'dispatcherServlet'
2026-05-22T00:44:11.871-06:00  INFO 142564 --- [invex.bnpl] [http-nio-8080-exec-3] o.s.web.servlet.DispatcherServlet        : Completed initialization in 2 ms
2026-05-22T00:44:34.434-06:00  INFO 142564 --- [invex.bnpl] [http-nio-8080-exec-7] c.i.r.bnpl.service.EmployeeServiceImpl   : Trayendo Employees
2026-05-22T00:46:13.339-06:00  WARN 142564 --- [invex.bnpl] [http-nio-8080-exec-9] .c.j.MappingJackson2HttpMessageConverter : Failed to evaluate Jackson deserialization for type [[simple type, class com.invex.rest.bnpl.entity.Employee]]: com.fasterxml.jackson.databind.exc.InvalidDefinitionException: Conflicting getter definitions for property "name": com.invex.rest.bnpl.entity.Employee#getname() vs com.invex.rest.bnpl.entity.Employee#getName()
2026-05-22T00:46:13.341-06:00  WARN 142564 --- [invex.bnpl] [http-nio-8080-exec-9] .c.j.MappingJackson2HttpMessageConverter : Failed to evaluate Jackson deserialization for type [[simple type, class com.invex.rest.bnpl.entity.Employee]]: com.fasterxml.jackson.databind.exc.InvalidDefinitionException: Conflicting getter definitions for property "name": com.invex.rest.bnpl.entity.Employee#getname() vs com.invex.rest.bnpl.entity.Employee#getName()
2026-05-22T00:46:13.348-06:00  WARN 142564 --- [invex.bnpl] [http-nio-8080-exec-9] .w.s.m.s.DefaultHandlerExceptionResolver : Resolved [org.springframework.web.HttpMediaTypeNotSupportedException: Content-Type 'application/json;charset=UTF-8' is not supported]
2026-05-22T00:46:39.801-06:00 ERROR 142564 --- [invex.bnpl] [http-nio-8080-exec-4] o.a.c.c.C.[.[.[/].[dispatcherServlet]    : Servlet.service() for servlet [dispatcherServlet] in context with path [] threw exception [Request processing failed: java.lang.IllegalStateException: Ambiguous handler methods mapped for '/invexapp/Employee/1': {com.invex.rest.bnpl.entity.Employee com.invex.rest.bnpl.controller.EmployeeController.getEmployee(java.lang.String), com.invex.rest.bnpl.entity.Employee com.invex.rest.bnpl.controller.EmployeeController.getEmployee(java.lang.Long)}] with root cause

java.lang.IllegalStateException: Ambiguous handler methods mapped for '/invexapp/Employee/1': {com.invex.rest.bnpl.entity.Employee com.invex.rest.bnpl.controller.EmployeeController.getEmployee(java.lang.String), com.invex.rest.bnpl.entity.Employee com.invex.rest.bnpl.controller.EmployeeController.getEmployee(java.lang.Long)}
	at org.springframework.web.servlet.handler.AbstractHandlerMethodMapping.lookupHandlerMethod(AbstractHandlerMethodMapping.java:431) ~[spring-webmvc-6.1.10.jar:6.1.10]
	at org.springframework.web.servlet.handler.AbstractHandlerMethodMapping.getHandlerInternal(AbstractHandlerMethodMapping.java:382) ~[spring-webmvc-6.1.10.jar:6.1.10]
	at org.springframework.web.servlet.mvc.method.RequestMappingInfoHandlerMapping.getHandlerInternal(RequestMappingInfoHandlerMapping.java:127) ~[spring-webmvc-6.1.10.jar:6.1.10]
	at org.springframework.web.servlet.mvc.method.RequestMappingInfoHandlerMapping.getHandlerInternal(RequestMappingInfoHandlerMapping.java:68) ~[spring-webmvc-6.1.10.jar:6.1.10]
	at org.springframework.web.servlet.handler.AbstractHandlerMapping.getHandler(AbstractHandlerMapping.java:507) ~[spring-webmvc-6.1.10.jar:6.1.10]
	at org.springframework.web.servlet.DispatcherServlet.getHandler(DispatcherServlet.java:1283) ~[spring-webmvc-6.1.10.jar:6.1.10]
	at org.springframework.web.servlet.DispatcherServlet.doDispatch(DispatcherServlet.java:1065) ~[spring-webmvc-6.1.10.jar:6.1.10]
	at org.springframework.web.servlet.DispatcherServlet.doService(DispatcherServlet.java:979) ~[spring-webmvc-6.1.10.jar:6.1.10]
	at org.springframework.web.servlet.FrameworkServlet.processRequest(FrameworkServlet.java:1014) ~[spring-webmvc-6.1.10.jar:6.1.10]
	at org.springframework.web.servlet.FrameworkServlet.doGet(FrameworkServlet.java:903) ~[spring-webmvc-6.1.10.jar:6.1.10]
	at jakarta.servlet.http.HttpServlet.service(HttpServlet.java:564) ~[tomcat-embed-core-10.1.25.jar:6.0]
	at org.springframework.web.servlet.FrameworkServlet.service(FrameworkServlet.java:885) ~[spring-webmvc-6.1.10.jar:6.1.10]
	at jakarta.servlet.http.HttpServlet.service(HttpServlet.java:658) ~[tomcat-embed-core-10.1.25.jar:6.0]
	at org.apache.catalina.core.ApplicationFilterChain.internalDoFilter(ApplicationFilterChain.java:195) ~[tomcat-embed-core-10.1.25.jar:10.1.25]
	at org.apache.catalina.core.ApplicationFilterChain.doFilter(ApplicationFilterChain.java:140) ~[tomcat-embed-core-10.1.25.jar:10.1.25]
	at org.apache.tomcat.websocket.server.WsFilter.doFilter(WsFilter.java:51) ~[tomcat-embed-websocket-10.1.25.jar:10.1.25]
	at org.apache.catalina.core.ApplicationFilterChain.internalDoFilter(ApplicationFilterChain.java:164) ~[tomcat-embed-core-10.1.25.jar:10.1.25]
	at org.apache.catalina.core.ApplicationFilterChain.doFilter(ApplicationFilterChain.java:140) ~[tomcat-embed-core-10.1.25.jar:10.1.25]
	at org.springframework.web.filter.RequestContextFilter.doFilterInternal(RequestContextFilter.java:100) ~[spring-web-6.1.10.jar:6.1.10]
	at org.springframework.web.filter.OncePerRequestFilter.doFilter(OncePerRequestFilter.java:116) ~[spring-web-6.1.10.jar:6.1.10]
	at org.apache.catalina.core.ApplicationFilterChain.internalDoFilter(ApplicationFilterChain.java:164) ~[tomcat-embed-core-10.1.25.jar:10.1.25]
	at org.apache.catalina.core.ApplicationFilterChain.doFilter(ApplicationFilterChain.java:140) ~[tomcat-embed-core-10.1.25.jar:10.1.25]
	at org.springframework.web.filter.FormContentFilter.doFilterInternal(FormContentFilter.java:93) ~[spring-web-6.1.10.jar:6.1.10]
	at org.springframework.web.filter.OncePerRequestFilter.doFilter(OncePerRequestFilter.java:116) ~[spring-web-6.1.10.jar:6.1.10]
	at org.apache.catalina.core.ApplicationFilterChain.internalDoFilter(ApplicationFilterChain.java:164) ~[tomcat-embed-core-10.1.25.jar:10.1.25]
	at org.apache.catalina.core.ApplicationFilterChain.doFilter(ApplicationFilterChain.java:140) ~[tomcat-embed-core-10.1.25.jar:10.1.25]
	at org.springframework.web.filter.CharacterEncodingFilter.doFilterInternal(CharacterEncodingFilter.java:201) ~[spring-web-6.1.10.jar:6.1.10]
	at org.springframework.web.filter.OncePerRequestFilter.doFilter(OncePerRequestFilter.java:116) ~[spring-web-6.1.10.jar:6.1.10]
	at org.apache.catalina.core.ApplicationFilterChain.internalDoFilter(ApplicationFilterChain.java:164) ~[tomcat-embed-core-10.1.25.jar:10.1.25]
	at org.apache.catalina.core.ApplicationFilterChain.doFilter(ApplicationFilterChain.java:140) ~[tomcat-embed-core-10.1.25.jar:10.1.25]
	at org.apache.catalina.core.StandardWrapperValve.invoke(StandardWrapperValve.java:167) ~[tomcat-embed-core-10.1.25.jar:10.1.25]
	at org.apache.catalina.core.StandardContextValve.invoke(StandardContextValve.java:90) ~[tomcat-embed-core-10.1.25.jar:10.1.25]
	at org.apache.catalina.authenticator.AuthenticatorBase.invoke(AuthenticatorBase.java:482) ~[tomcat-embed-core-10.1.25.jar:10.1.25]
	at org.apache.catalina.core.StandardHostValve.invoke(StandardHostValve.java:115) ~[tomcat-embed-core-10.1.25.jar:10.1.25]
	at org.apache.catalina.valves.ErrorReportValve.invoke(ErrorReportValve.java:93) ~[tomcat-embed-core-10.1.25.jar:10.1.25]
	at org.apache.catalina.core.StandardEngineValve.invoke(StandardEngineValve.java:74) ~[tomcat-embed-core-10.1.25.jar:10.1.25]
	at org.apache.catalina.connector.CoyoteAdapter.service(CoyoteAdapter.java:344) ~[tomcat-embed-core-10.1.25.jar:10.1.25]
	at org.apache.coyote.http11.Http11Processor.service(Http11Processor.java:389) ~[tomcat-embed-core-10.1.25.jar:10.1.25]
	at org.apache.coyote.AbstractProcessorLight.process(AbstractProcessorLight.java:63) ~[tomcat-embed-core-10.1.25.jar:10.1.25]
	at org.apache.coyote.AbstractProtocol$ConnectionHandler.process(AbstractProtocol.java:904) ~[tomcat-embed-core-10.1.25.jar:10.1.25]
	at org.apache.tomcat.util.net.NioEndpoint$SocketProcessor.doRun(NioEndpoint.java:1741) ~[tomcat-embed-core-10.1.25.jar:10.1.25]
	at org.apache.tomcat.util.net.SocketProcessorBase.run(SocketProcessorBase.java:52) ~[tomcat-embed-core-10.1.25.jar:10.1.25]
	at org.apache.tomcat.util.threads.ThreadPoolExecutor.runWorker(ThreadPoolExecutor.java:1190) ~[tomcat-embed-core-10.1.25.jar:10.1.25]
	at org.apache.tomcat.util.threads.ThreadPoolExecutor$Worker.run(ThreadPoolExecutor.java:659) ~[tomcat-embed-core-10.1.25.jar:10.1.25]
	at org.apache.tomcat.util.threads.TaskThread$WrappingRunnable.run(TaskThread.java:63) ~[tomcat-embed-core-10.1.25.jar:10.1.25]
	at java.base/java.lang.Thread.run(Thread.java:1583) ~[na:na]

2026-05-22T00:47:48.122-06:00  WARN 142564 --- [invex.bnpl] [http-nio-8080-exec-1] .c.j.MappingJackson2HttpMessageConverter : Failed to evaluate Jackson deserialization for type [[simple type, class com.invex.rest.bnpl.entity.Employee]]: com.fasterxml.jackson.databind.exc.InvalidDefinitionException: Conflicting getter definitions for property "name": com.invex.rest.bnpl.entity.Employee#getname() vs com.invex.rest.bnpl.entity.Employee#getName()
2026-05-22T00:47:48.123-06:00  WARN 142564 --- [invex.bnpl] [http-nio-8080-exec-1] .c.j.MappingJackson2HttpMessageConverter : Failed to evaluate Jackson deserialization for type [[simple type, class com.invex.rest.bnpl.entity.Employee]]: com.fasterxml.jackson.databind.exc.InvalidDefinitionException: Conflicting getter definitions for property "name": com.invex.rest.bnpl.entity.Employee#getname() vs com.invex.rest.bnpl.entity.Employee#getName()
2026-05-22T00:47:48.125-06:00  WARN 142564 --- [invex.bnpl] [http-nio-8080-exec-1] .w.s.m.s.DefaultHandlerExceptionResolver : Resolved [org.springframework.web.HttpMediaTypeNotSupportedException: Content-Type 'application/json;charset=UTF-8' is not supported]
2026-05-22T00:48:01.424-06:00 ERROR 142564 --- [invex.bnpl] [http-nio-8080-exec-3] o.a.c.c.C.[.[.[/].[dispatcherServlet]    : Servlet.service() for servlet [dispatcherServlet] in context with path [] threw exception [Request processing failed: java.lang.IllegalStateException: Ambiguous handler methods mapped for '/invexapp/Employee/1': {com.invex.rest.bnpl.entity.Employee com.invex.rest.bnpl.controller.EmployeeController.getEmployee(java.lang.String), com.invex.rest.bnpl.entity.Employee com.invex.rest.bnpl.controller.EmployeeController.getEmployee(java.lang.Long)}] with root cause

java.lang.IllegalStateException: Ambiguous handler methods mapped for '/invexapp/Employee/1': {com.invex.rest.bnpl.entity.Employee com.invex.rest.bnpl.controller.EmployeeController.getEmployee(java.lang.String), com.invex.rest.bnpl.entity.Employee com.invex.rest.bnpl.controller.EmployeeController.getEmployee(java.lang.Long)}
	at org.springframework.web.servlet.handler.AbstractHandlerMethodMapping.lookupHandlerMethod(AbstractHandlerMethodMapping.java:431) ~[spring-webmvc-6.1.10.jar:6.1.10]
	at org.springframework.web.servlet.handler.AbstractHandlerMethodMapping.getHandlerInternal(AbstractHandlerMethodMapping.java:382) ~[spring-webmvc-6.1.10.jar:6.1.10]
	at org.springframework.web.servlet.mvc.method.RequestMappingInfoHandlerMapping.getHandlerInternal(RequestMappingInfoHandlerMapping.java:127) ~[spring-webmvc-6.1.10.jar:6.1.10]
	at org.springframework.web.servlet.mvc.method.RequestMappingInfoHandlerMapping.getHandlerInternal(RequestMappingInfoHandlerMapping.java:68) ~[spring-webmvc-6.1.10.jar:6.1.10]
	at org.springframework.web.servlet.handler.AbstractHandlerMapping.getHandler(AbstractHandlerMapping.java:507) ~[spring-webmvc-6.1.10.jar:6.1.10]
	at org.springframework.web.servlet.DispatcherServlet.getHandler(DispatcherServlet.java:1283) ~[spring-webmvc-6.1.10.jar:6.1.10]
	at org.springframework.web.servlet.DispatcherServlet.doDispatch(DispatcherServlet.java:1065) ~[spring-webmvc-6.1.10.jar:6.1.10]
	at org.springframework.web.servlet.DispatcherServlet.doService(DispatcherServlet.java:979) ~[spring-webmvc-6.1.10.jar:6.1.10]
	at org.springframework.web.servlet.FrameworkServlet.processRequest(FrameworkServlet.java:1014) ~[spring-webmvc-6.1.10.jar:6.1.10]
	at org.springframework.web.servlet.FrameworkServlet.doGet(FrameworkServlet.java:903) ~[spring-webmvc-6.1.10.jar:6.1.10]
	at jakarta.servlet.http.HttpServlet.service(HttpServlet.java:564) ~[tomcat-embed-core-10.1.25.jar:6.0]
	at org.springframework.web.servlet.FrameworkServlet.service(FrameworkServlet.java:885) ~[spring-webmvc-6.1.10.jar:6.1.10]
	at jakarta.servlet.http.HttpServlet.service(HttpServlet.java:658) ~[tomcat-embed-core-10.1.25.jar:6.0]
	at org.apache.catalina.core.ApplicationFilterChain.internalDoFilter(ApplicationFilterChain.java:195) ~[tomcat-embed-core-10.1.25.jar:10.1.25]
	at org.apache.catalina.core.ApplicationFilterChain.doFilter(ApplicationFilterChain.java:140) ~[tomcat-embed-core-10.1.25.jar:10.1.25]
	at org.apache.tomcat.websocket.server.WsFilter.doFilter(WsFilter.java:51) ~[tomcat-embed-websocket-10.1.25.jar:10.1.25]
	at org.apache.catalina.core.ApplicationFilterChain.internalDoFilter(ApplicationFilterChain.java:164) ~[tomcat-embed-core-10.1.25.jar:10.1.25]
	at org.apache.catalina.core.ApplicationFilterChain.doFilter(ApplicationFilterChain.java:140) ~[tomcat-embed-core-10.1.25.jar:10.1.25]
	at org.springframework.web.filter.RequestContextFilter.doFilterInternal(RequestContextFilter.java:100) ~[spring-web-6.1.10.jar:6.1.10]
	at org.springframework.web.filter.OncePerRequestFilter.doFilter(OncePerRequestFilter.java:116) ~[spring-web-6.1.10.jar:6.1.10]
	at org.apache.catalina.core.ApplicationFilterChain.internalDoFilter(ApplicationFilterChain.java:164) ~[tomcat-embed-core-10.1.25.jar:10.1.25]
	at org.apache.catalina.core.ApplicationFilterChain.doFilter(ApplicationFilterChain.java:140) ~[tomcat-embed-core-10.1.25.jar:10.1.25]
	at org.springframework.web.filter.FormContentFilter.doFilterInternal(FormContentFilter.java:93) ~[spring-web-6.1.10.jar:6.1.10]
	at org.springframework.web.filter.OncePerRequestFilter.doFilter(OncePerRequestFilter.java:116) ~[spring-web-6.1.10.jar:6.1.10]
	at org.apache.catalina.core.ApplicationFilterChain.internalDoFilter(ApplicationFilterChain.java:164) ~[tomcat-embed-core-10.1.25.jar:10.1.25]
	at org.apache.catalina.core.ApplicationFilterChain.doFilter(ApplicationFilterChain.java:140) ~[tomcat-embed-core-10.1.25.jar:10.1.25]
	at org.springframework.web.filter.CharacterEncodingFilter.doFilterInternal(CharacterEncodingFilter.java:201) ~[spring-web-6.1.10.jar:6.1.10]
	at org.springframework.web.filter.OncePerRequestFilter.doFilter(OncePerRequestFilter.java:116) ~[spring-web-6.1.10.jar:6.1.10]
	at org.apache.catalina.core.ApplicationFilterChain.internalDoFilter(ApplicationFilterChain.java:164) ~[tomcat-embed-core-10.1.25.jar:10.1.25]
	at org.apache.catalina.core.ApplicationFilterChain.doFilter(ApplicationFilterChain.java:140) ~[tomcat-embed-core-10.1.25.jar:10.1.25]
	at org.apache.catalina.core.StandardWrapperValve.invoke(StandardWrapperValve.java:167) ~[tomcat-embed-core-10.1.25.jar:10.1.25]
	at org.apache.catalina.core.StandardContextValve.invoke(StandardContextValve.java:90) ~[tomcat-embed-core-10.1.25.jar:10.1.25]
	at org.apache.catalina.authenticator.AuthenticatorBase.invoke(AuthenticatorBase.java:482) ~[tomcat-embed-core-10.1.25.jar:10.1.25]
	at org.apache.catalina.core.StandardHostValve.invoke(StandardHostValve.java:115) ~[tomcat-embed-core-10.1.25.jar:10.1.25]
	at org.apache.catalina.valves.ErrorReportValve.invoke(ErrorReportValve.java:93) ~[tomcat-embed-core-10.1.25.jar:10.1.25]
	at org.apache.catalina.core.StandardEngineValve.invoke(StandardEngineValve.java:74) ~[tomcat-embed-core-10.1.25.jar:10.1.25]
	at org.apache.catalina.connector.CoyoteAdapter.service(CoyoteAdapter.java:344) ~[tomcat-embed-core-10.1.25.jar:10.1.25]
	at org.apache.coyote.http11.Http11Processor.service(Http11Processor.java:389) ~[tomcat-embed-core-10.1.25.jar:10.1.25]
	at org.apache.coyote.AbstractProcessorLight.process(AbstractProcessorLight.java:63) ~[tomcat-embed-core-10.1.25.jar:10.1.25]
	at org.apache.coyote.AbstractProtocol$ConnectionHandler.process(AbstractProtocol.java:904) ~[tomcat-embed-core-10.1.25.jar:10.1.25]
	at org.apache.tomcat.util.net.NioEndpoint$SocketProcessor.doRun(NioEndpoint.java:1741) ~[tomcat-embed-core-10.1.25.jar:10.1.25]
	at org.apache.tomcat.util.net.SocketProcessorBase.run(SocketProcessorBase.java:52) ~[tomcat-embed-core-10.1.25.jar:10.1.25]
	at org.apache.tomcat.util.threads.ThreadPoolExecutor.runWorker(ThreadPoolExecutor.java:1190) ~[tomcat-embed-core-10.1.25.jar:10.1.25]
	at org.apache.tomcat.util.threads.ThreadPoolExecutor$Worker.run(ThreadPoolExecutor.java:659) ~[tomcat-embed-core-10.1.25.jar:10.1.25]
	at org.apache.tomcat.util.threads.TaskThread$WrappingRunnable.run(TaskThread.java:63) ~[tomcat-embed-core-10.1.25.jar:10.1.25]
	at java.base/java.lang.Thread.run(Thread.java:1583) ~[na:na]

2026-05-22T00:59:33.615-06:00  INFO 145576 --- [invex.bnpl] [main] com.invex.rest.bnpl.Application          : Starting Application using Java 21.0.6 with PID 145576 (C:\Desarrollos\credito.bnpl.repo-main\target\classes started by djacl in C:\Desarrollos\credito.bnpl.repo-main)
2026-05-22T00:59:33.618-06:00  INFO 145576 --- [invex.bnpl] [main] com.invex.rest.bnpl.Application          : No active profile set, falling back to 1 default profile: "default"
2026-05-22T00:59:34.219-06:00  INFO 145576 --- [invex.bnpl] [main] .s.d.r.c.RepositoryConfigurationDelegate : Bootstrapping Spring Data JPA repositories in DEFAULT mode.
2026-05-22T00:59:34.283-06:00  INFO 145576 --- [invex.bnpl] [main] .s.d.r.c.RepositoryConfigurationDelegate : Finished Spring Data repository scanning in 55 ms. Found 1 JPA repository interface.
2026-05-22T00:59:34.773-06:00  INFO 145576 --- [invex.bnpl] [main] o.s.b.w.embedded.tomcat.TomcatWebServer  : Tomcat initialized with port 8080 (http)
2026-05-22T00:59:34.784-06:00  INFO 145576 --- [invex.bnpl] [main] o.apache.catalina.core.StandardService   : Starting service [Tomcat]
2026-05-22T00:59:34.785-06:00  INFO 145576 --- [invex.bnpl] [main] o.apache.catalina.core.StandardEngine    : Starting Servlet engine: [Apache Tomcat/10.1.25]
2026-05-22T00:59:34.841-06:00  INFO 145576 --- [invex.bnpl] [main] o.a.c.c.C.[Tomcat].[localhost].[/]       : Initializing Spring embedded WebApplicationContext
2026-05-22T00:59:34.841-06:00  INFO 145576 --- [invex.bnpl] [main] w.s.c.ServletWebServerApplicationContext : Root WebApplicationContext: initialization completed in 1182 ms
2026-05-22T00:59:34.996-06:00  INFO 145576 --- [invex.bnpl] [main] o.hibernate.jpa.internal.util.LogHelper  : HHH000204: Processing PersistenceUnitInfo [name: default]
2026-05-22T00:59:35.048-06:00  INFO 145576 --- [invex.bnpl] [main] org.hibernate.Version                    : HHH000412: Hibernate ORM core version 6.5.2.Final
2026-05-22T00:59:35.074-06:00  INFO 145576 --- [invex.bnpl] [main] o.h.c.internal.RegionFactoryInitiator    : HHH000026: Second-level cache disabled
2026-05-22T00:59:35.315-06:00  INFO 145576 --- [invex.bnpl] [main] o.s.o.j.p.SpringPersistenceUnitInfo      : No LoadTimeWeaver setup: ignoring JPA class transformer
2026-05-22T00:59:35.340-06:00  INFO 145576 --- [invex.bnpl] [main] com.zaxxer.hikari.HikariDataSource       : HikariPool-1 - Starting...
2026-05-22T00:59:36.474-06:00  WARN 145576 --- [invex.bnpl] [main] o.h.e.j.e.i.JdbcEnvironmentInitiator     : HHH000342: Could not obtain connection to query metadata

java.lang.NullPointerException: Cannot invoke "org.hibernate.engine.jdbc.spi.SqlExceptionHelper.convert(java.sql.SQLException, String)" because the return value of "org.hibernate.resource.transaction.backend.jdbc.internal.JdbcIsolationDelegate.sqlExceptionHelper()" is null
	at org.hibernate.resource.transaction.backend.jdbc.internal.JdbcIsolationDelegate.delegateWork(JdbcIsolationDelegate.java:116) ~[hibernate-core-6.5.2.Final.jar:6.5.2.Final]
	at org.hibernate.engine.jdbc.env.internal.JdbcEnvironmentInitiator.getJdbcEnvironmentUsingJdbcMetadata(JdbcEnvironmentInitiator.java:290) ~[hibernate-core-6.5.2.Final.jar:6.5.2.Final]
	at org.hibernate.engine.jdbc.env.internal.JdbcEnvironmentInitiator.initiateService(JdbcEnvironmentInitiator.java:123) ~[hibernate-core-6.5.2.Final.jar:6.5.2.Final]
	at org.hibernate.engine.jdbc.env.internal.JdbcEnvironmentInitiator.initiateService(JdbcEnvironmentInitiator.java:77) ~[hibernate-core-6.5.2.Final.jar:6.5.2.Final]
	at org.hibernate.boot.registry.internal.StandardServiceRegistryImpl.initiateService(StandardServiceRegistryImpl.java:130) ~[hibernate-core-6.5.2.Final.jar:6.5.2.Final]
	at org.hibernate.service.internal.AbstractServiceRegistryImpl.createService(AbstractServiceRegistryImpl.java:263) ~[hibernate-core-6.5.2.Final.jar:6.5.2.Final]
	at org.hibernate.service.internal.AbstractServiceRegistryImpl.initializeService(AbstractServiceRegistryImpl.java:238) ~[hibernate-core-6.5.2.Final.jar:6.5.2.Final]
	at org.hibernate.service.internal.AbstractServiceRegistryImpl.getService(AbstractServiceRegistryImpl.java:215) ~[hibernate-core-6.5.2.Final.jar:6.5.2.Final]
	at org.hibernate.boot.model.relational.Database.<init>(Database.java:45) ~[hibernate-core-6.5.2.Final.jar:6.5.2.Final]
	at org.hibernate.boot.internal.InFlightMetadataCollectorImpl.getDatabase(InFlightMetadataCollectorImpl.java:221) ~[hibernate-core-6.5.2.Final.jar:6.5.2.Final]
	at org.hibernate.boot.internal.InFlightMetadataCollectorImpl.<init>(InFlightMetadataCollectorImpl.java:189) ~[hibernate-core-6.5.2.Final.jar:6.5.2.Final]
	at org.hibernate.boot.model.process.spi.MetadataBuildingProcess.complete(MetadataBuildingProcess.java:171) ~[hibernate-core-6.5.2.Final.jar:6.5.2.Final]
	at org.hibernate.jpa.boot.internal.EntityManagerFactoryBuilderImpl.metadata(EntityManagerFactoryBuilderImpl.java:1431) ~[hibernate-core-6.5.2.Final.jar:6.5.2.Final]
	at org.hibernate.jpa.boot.internal.EntityManagerFactoryBuilderImpl.build(EntityManagerFactoryBuilderImpl.java:1502) ~[hibernate-core-6.5.2.Final.jar:6.5.2.Final]
	at org.springframework.orm.jpa.vendor.SpringHibernateJpaPersistenceProvider.createContainerEntityManagerFactory(SpringHibernateJpaPersistenceProvider.java:75) ~[spring-orm-6.1.10.jar:6.1.10]
	at org.springframework.orm.jpa.LocalContainerEntityManagerFactoryBean.createNativeEntityManagerFactory(LocalContainerEntityManagerFactoryBean.java:390) ~[spring-orm-6.1.10.jar:6.1.10]
	at org.springframework.orm.jpa.AbstractEntityManagerFactoryBean.buildNativeEntityManagerFactory(AbstractEntityManagerFactoryBean.java:409) ~[spring-orm-6.1.10.jar:6.1.10]
	at org.springframework.orm.jpa.AbstractEntityManagerFactoryBean.afterPropertiesSet(AbstractEntityManagerFactoryBean.java:396) ~[spring-orm-6.1.10.jar:6.1.10]
	at org.springframework.orm.jpa.LocalContainerEntityManagerFactoryBean.afterPropertiesSet(LocalContainerEntityManagerFactoryBean.java:366) ~[spring-orm-6.1.10.jar:6.1.10]
	at org.springframework.beans.factory.support.AbstractAutowireCapableBeanFactory.invokeInitMethods(AbstractAutowireCapableBeanFactory.java:1835) ~[spring-beans-6.1.10.jar:6.1.10]
	at org.springframework.beans.factory.support.AbstractAutowireCapableBeanFactory.initializeBean(AbstractAutowireCapableBeanFactory.java:1784) ~[spring-beans-6.1.10.jar:6.1.10]
	at org.springframework.beans.factory.support.AbstractAutowireCapableBeanFactory.doCreateBean(AbstractAutowireCapableBeanFactory.java:600) ~[spring-beans-6.1.10.jar:6.1.10]
	at org.springframework.beans.factory.support.AbstractAutowireCapableBeanFactory.createBean(AbstractAutowireCapableBeanFactory.java:522) ~[spring-beans-6.1.10.jar:6.1.10]
	at org.springframework.beans.factory.support.AbstractBeanFactory.lambda$doGetBean$0(AbstractBeanFactory.java:337) ~[spring-beans-6.1.10.jar:6.1.10]
	at org.springframework.beans.factory.support.DefaultSingletonBeanRegistry.getSingleton(DefaultSingletonBeanRegistry.java:234) ~[spring-beans-6.1.10.jar:6.1.10]
	at org.springframework.beans.factory.support.AbstractBeanFactory.doGetBean(AbstractBeanFactory.java:335) ~[spring-beans-6.1.10.jar:6.1.10]
	at org.springframework.beans.factory.support.AbstractBeanFactory.getBean(AbstractBeanFactory.java:205) ~[spring-beans-6.1.10.jar:6.1.10]
	at org.springframework.context.support.AbstractApplicationContext.finishBeanFactoryInitialization(AbstractApplicationContext.java:952) ~[spring-context-6.1.10.jar:6.1.10]
	at org.springframework.context.support.AbstractApplicationContext.refresh(AbstractApplicationContext.java:624) ~[spring-context-6.1.10.jar:6.1.10]
	at org.springframework.boot.web.servlet.context.ServletWebServerApplicationContext.refresh(ServletWebServerApplicationContext.java:146) ~[spring-boot-3.3.1-SNAPSHOT.jar:3.3.1-SNAPSHOT]
	at org.springframework.boot.SpringApplication.refresh(SpringApplication.java:754) ~[spring-boot-3.3.1-SNAPSHOT.jar:3.3.1-SNAPSHOT]
	at org.springframework.boot.SpringApplication.refreshContext(SpringApplication.java:456) ~[spring-boot-3.3.1-SNAPSHOT.jar:3.3.1-SNAPSHOT]
	at org.springframework.boot.SpringApplication.run(SpringApplication.java:335) ~[spring-boot-3.3.1-SNAPSHOT.jar:3.3.1-SNAPSHOT]
	at org.springframework.boot.SpringApplication.run(SpringApplication.java:1363) ~[spring-boot-3.3.1-SNAPSHOT.jar:3.3.1-SNAPSHOT]
	at org.springframework.boot.SpringApplication.run(SpringApplication.java:1352) ~[spring-boot-3.3.1-SNAPSHOT.jar:3.3.1-SNAPSHOT]
	at com.invex.rest.bnpl.Application.main(Application.java:12) ~[classes/:na]

2026-05-22T00:59:36.497-06:00  WARN 145576 --- [invex.bnpl] [main] org.hibernate.orm.deprecation            : HHH90000025: H2Dialect does not need to be specified explicitly using 'hibernate.dialect' (remove the property setting and it will be selected by default)
2026-05-22T00:59:37.090-06:00  INFO 145576 --- [invex.bnpl] [main] o.h.e.t.j.p.i.JtaPlatformInitiator       : HHH000489: No JTA platform available (set 'hibernate.transaction.jta.platform' to enable JTA platform integration)
2026-05-22T00:59:37.105-06:00  INFO 145576 --- [invex.bnpl] [main] com.zaxxer.hikari.HikariDataSource       : HikariPool-1 - Starting...
2026-05-22T00:59:38.119-06:00  WARN 145576 --- [invex.bnpl] [main] o.h.engine.jdbc.spi.SqlExceptionHelper   : SQL Error: 90020, SQLState: 90020
2026-05-22T00:59:38.119-06:00 ERROR 145576 --- [invex.bnpl] [main] o.h.engine.jdbc.spi.SqlExceptionHelper   : La base de datos puede que ya esté siendo utilizada: "C:/data/demo.mv.db". Soluciones Posibles: cierre todas las otras conexiones; use el modo server
Database may be already in use: "C:/data/demo.mv.db". Possible solutions: close all other connection(s); use the server mode [90020-224]
2026-05-22T00:59:38.122-06:00 ERROR 145576 --- [invex.bnpl] [main] j.LocalContainerEntityManagerFactoryBean : Failed to initialize JPA EntityManagerFactory: [PersistenceUnit: default] Unable to build Hibernate SessionFactory; nested exception is org.hibernate.exception.JDBCConnectionException: Unable to open JDBC Connection for DDL execution [La base de datos puede que ya esté siendo utilizada: "C:/data/demo.mv.db". Soluciones Posibles: cierre todas las otras conexiones; use el modo server
Database may be already in use: "C:/data/demo.mv.db". Possible solutions: close all other connection(s); use the server mode [90020-224]] [n/a]
2026-05-22T00:59:38.123-06:00  WARN 145576 --- [invex.bnpl] [main] ConfigServletWebServerApplicationContext : Exception encountered during context initialization - cancelling refresh attempt: org.springframework.beans.factory.BeanCreationException: Error creating bean with name 'entityManagerFactory' defined in class path resource [org/springframework/boot/autoconfigure/orm/jpa/HibernateJpaConfiguration.class]: [PersistenceUnit: default] Unable to build Hibernate SessionFactory; nested exception is org.hibernate.exception.JDBCConnectionException: Unable to open JDBC Connection for DDL execution [La base de datos puede que ya esté siendo utilizada: "C:/data/demo.mv.db". Soluciones Posibles: cierre todas las otras conexiones; use el modo server
Database may be already in use: "C:/data/demo.mv.db". Possible solutions: close all other connection(s); use the server mode [90020-224]] [n/a]
2026-05-22T00:59:38.125-06:00  INFO 145576 --- [invex.bnpl] [main] o.apache.catalina.core.StandardService   : Stopping service [Tomcat]
2026-05-22T00:59:38.132-06:00  INFO 145576 --- [invex.bnpl] [main] .s.b.a.l.ConditionEvaluationReportLogger : 

Error starting ApplicationContext. To display the condition evaluation report re-run your application with 'debug' enabled.
2026-05-22T00:59:38.146-06:00 ERROR 145576 --- [invex.bnpl] [main] o.s.boot.SpringApplication               : Application run failed

org.springframework.beans.factory.BeanCreationException: Error creating bean with name 'entityManagerFactory' defined in class path resource [org/springframework/boot/autoconfigure/orm/jpa/HibernateJpaConfiguration.class]: [PersistenceUnit: default] Unable to build Hibernate SessionFactory; nested exception is org.hibernate.exception.JDBCConnectionException: Unable to open JDBC Connection for DDL execution [La base de datos puede que ya esté siendo utilizada: "C:/data/demo.mv.db". Soluciones Posibles: cierre todas las otras conexiones; use el modo server
Database may be already in use: "C:/data/demo.mv.db". Possible solutions: close all other connection(s); use the server mode [90020-224]] [n/a]
	at org.springframework.beans.factory.support.AbstractAutowireCapableBeanFactory.initializeBean(AbstractAutowireCapableBeanFactory.java:1788) ~[spring-beans-6.1.10.jar:6.1.10]
	at org.springframework.beans.factory.support.AbstractAutowireCapableBeanFactory.doCreateBean(AbstractAutowireCapableBeanFactory.java:600) ~[spring-beans-6.1.10.jar:6.1.10]
	at org.springframework.beans.factory.support.AbstractAutowireCapableBeanFactory.createBean(AbstractAutowireCapableBeanFactory.java:522) ~[spring-beans-6.1.10.jar:6.1.10]
	at org.springframework.beans.factory.support.AbstractBeanFactory.lambda$doGetBean$0(AbstractBeanFactory.java:337) ~[spring-beans-6.1.10.jar:6.1.10]
	at org.springframework.beans.factory.support.DefaultSingletonBeanRegistry.getSingleton(DefaultSingletonBeanRegistry.java:234) ~[spring-beans-6.1.10.jar:6.1.10]
	at org.springframework.beans.factory.support.AbstractBeanFactory.doGetBean(AbstractBeanFactory.java:335) ~[spring-beans-6.1.10.jar:6.1.10]
	at org.springframework.beans.factory.support.AbstractBeanFactory.getBean(AbstractBeanFactory.java:205) ~[spring-beans-6.1.10.jar:6.1.10]
	at org.springframework.context.support.AbstractApplicationContext.finishBeanFactoryInitialization(AbstractApplicationContext.java:952) ~[spring-context-6.1.10.jar:6.1.10]
	at org.springframework.context.support.AbstractApplicationContext.refresh(AbstractApplicationContext.java:624) ~[spring-context-6.1.10.jar:6.1.10]
	at org.springframework.boot.web.servlet.context.ServletWebServerApplicationContext.refresh(ServletWebServerApplicationContext.java:146) ~[spring-boot-3.3.1-SNAPSHOT.jar:3.3.1-SNAPSHOT]
	at org.springframework.boot.SpringApplication.refresh(SpringApplication.java:754) ~[spring-boot-3.3.1-SNAPSHOT.jar:3.3.1-SNAPSHOT]
	at org.springframework.boot.SpringApplication.refreshContext(SpringApplication.java:456) ~[spring-boot-3.3.1-SNAPSHOT.jar:3.3.1-SNAPSHOT]
	at org.springframework.boot.SpringApplication.run(SpringApplication.java:335) ~[spring-boot-3.3.1-SNAPSHOT.jar:3.3.1-SNAPSHOT]
	at org.springframework.boot.SpringApplication.run(SpringApplication.java:1363) ~[spring-boot-3.3.1-SNAPSHOT.jar:3.3.1-SNAPSHOT]
	at org.springframework.boot.SpringApplication.run(SpringApplication.java:1352) ~[spring-boot-3.3.1-SNAPSHOT.jar:3.3.1-SNAPSHOT]
	at com.invex.rest.bnpl.Application.main(Application.java:12) ~[classes/:na]
Caused by: jakarta.persistence.PersistenceException: [PersistenceUnit: default] Unable to build Hibernate SessionFactory; nested exception is org.hibernate.exception.JDBCConnectionException: Unable to open JDBC Connection for DDL execution [La base de datos puede que ya esté siendo utilizada: "C:/data/demo.mv.db". Soluciones Posibles: cierre todas las otras conexiones; use el modo server
Database may be already in use: "C:/data/demo.mv.db". Possible solutions: close all other connection(s); use the server mode [90020-224]] [n/a]
	at org.springframework.orm.jpa.AbstractEntityManagerFactoryBean.buildNativeEntityManagerFactory(AbstractEntityManagerFactoryBean.java:421) ~[spring-orm-6.1.10.jar:6.1.10]
	at org.springframework.orm.jpa.AbstractEntityManagerFactoryBean.afterPropertiesSet(AbstractEntityManagerFactoryBean.java:396) ~[spring-orm-6.1.10.jar:6.1.10]
	at org.springframework.orm.jpa.LocalContainerEntityManagerFactoryBean.afterPropertiesSet(LocalContainerEntityManagerFactoryBean.java:366) ~[spring-orm-6.1.10.jar:6.1.10]
	at org.springframework.beans.factory.support.AbstractAutowireCapableBeanFactory.invokeInitMethods(AbstractAutowireCapableBeanFactory.java:1835) ~[spring-beans-6.1.10.jar:6.1.10]
	at org.springframework.beans.factory.support.AbstractAutowireCapableBeanFactory.initializeBean(AbstractAutowireCapableBeanFactory.java:1784) ~[spring-beans-6.1.10.jar:6.1.10]
	... 15 common frames omitted
Caused by: org.hibernate.exception.JDBCConnectionException: Unable to open JDBC Connection for DDL execution [La base de datos puede que ya esté siendo utilizada: "C:/data/demo.mv.db". Soluciones Posibles: cierre todas las otras conexiones; use el modo server
Database may be already in use: "C:/data/demo.mv.db". Possible solutions: close all other connection(s); use the server mode [90020-224]] [n/a]
	at org.hibernate.exception.internal.SQLExceptionTypeDelegate.convert(SQLExceptionTypeDelegate.java:51) ~[hibernate-core-6.5.2.Final.jar:6.5.2.Final]
	at org.hibernate.exception.internal.StandardSQLExceptionConverter.convert(StandardSQLExceptionConverter.java:58) ~[hibernate-core-6.5.2.Final.jar:6.5.2.Final]
	at org.hibernate.engine.jdbc.spi.SqlExceptionHelper.convert(SqlExceptionHelper.java:108) ~[hibernate-core-6.5.2.Final.jar:6.5.2.Final]
	at org.hibernate.engine.jdbc.spi.SqlExceptionHelper.convert(SqlExceptionHelper.java:94) ~[hibernate-core-6.5.2.Final.jar:6.5.2.Final]
	at org.hibernate.resource.transaction.backend.jdbc.internal.DdlTransactionIsolatorNonJtaImpl.getIsolatedConnection(DdlTransactionIsolatorNonJtaImpl.java:74) ~[hibernate-core-6.5.2.Final.jar:6.5.2.Final]
	at org.hibernate.resource.transaction.backend.jdbc.internal.DdlTransactionIsolatorNonJtaImpl.getIsolatedConnection(DdlTransactionIsolatorNonJtaImpl.java:39) ~[hibernate-core-6.5.2.Final.jar:6.5.2.Final]
	at org.hibernate.tool.schema.internal.exec.ImprovedExtractionContextImpl.getJdbcConnection(ImprovedExtractionContextImpl.java:63) ~[hibernate-core-6.5.2.Final.jar:6.5.2.Final]
	at org.hibernate.tool.schema.extract.spi.ExtractionContext.getQueryResults(ExtractionContext.java:43) ~[hibernate-core-6.5.2.Final.jar:6.5.2.Final]
	at org.hibernate.tool.schema.extract.internal.SequenceInformationExtractorLegacyImpl.extractMetadata(SequenceInformationExtractorLegacyImpl.java:39) ~[hibernate-core-6.5.2.Final.jar:6.5.2.Final]
	at org.hibernate.tool.schema.extract.internal.DatabaseInformationImpl.initializeSequences(DatabaseInformationImpl.java:66) ~[hibernate-core-6.5.2.Final.jar:6.5.2.Final]
	at org.hibernate.tool.schema.extract.internal.DatabaseInformationImpl.<init>(DatabaseInformationImpl.java:60) ~[hibernate-core-6.5.2.Final.jar:6.5.2.Final]
	at org.hibernate.tool.schema.internal.Helper.buildDatabaseInformation(Helper.java:185) ~[hibernate-core-6.5.2.Final.jar:6.5.2.Final]
	at org.hibernate.tool.schema.internal.AbstractSchemaMigrator.doMigration(AbstractSchemaMigrator.java:98) ~[hibernate-core-6.5.2.Final.jar:6.5.2.Final]
	at org.hibernate.tool.schema.spi.SchemaManagementToolCoordinator.performDatabaseAction(SchemaManagementToolCoordinator.java:280) ~[hibernate-core-6.5.2.Final.jar:6.5.2.Final]
	at org.hibernate.tool.schema.spi.SchemaManagementToolCoordinator.lambda$process$5(SchemaManagementToolCoordinator.java:144) ~[hibernate-core-6.5.2.Final.jar:6.5.2.Final]
	at java.base/java.util.HashMap.forEach(HashMap.java:1429) ~[na:na]
	at org.hibernate.tool.schema.spi.SchemaManagementToolCoordinator.process(SchemaManagementToolCoordinator.java:141) ~[hibernate-core-6.5.2.Final.jar:6.5.2.Final]
	at org.hibernate.boot.internal.SessionFactoryObserverForSchemaExport.sessionFactoryCreated(SessionFactoryObserverForSchemaExport.java:37) ~[hibernate-core-6.5.2.Final.jar:6.5.2.Final]
	at org.hibernate.internal.SessionFactoryObserverChain.sessionFactoryCreated(SessionFactoryObserverChain.java:35) ~[hibernate-core-6.5.2.Final.jar:6.5.2.Final]
	at org.hibernate.internal.SessionFactoryImpl.<init>(SessionFactoryImpl.java:322) ~[hibernate-core-6.5.2.Final.jar:6.5.2.Final]
	at org.hibernate.boot.internal.SessionFactoryBuilderImpl.build(SessionFactoryBuilderImpl.java:457) ~[hibernate-core-6.5.2.Final.jar:6.5.2.Final]
	at org.hibernate.jpa.boot.internal.EntityManagerFactoryBuilderImpl.build(EntityManagerFactoryBuilderImpl.java:1506) ~[hibernate-core-6.5.2.Final.jar:6.5.2.Final]
	at org.springframework.orm.jpa.vendor.SpringHibernateJpaPersistenceProvider.createContainerEntityManagerFactory(SpringHibernateJpaPersistenceProvider.java:75) ~[spring-orm-6.1.10.jar:6.1.10]
	at org.springframework.orm.jpa.LocalContainerEntityManagerFactoryBean.createNativeEntityManagerFactory(LocalContainerEntityManagerFactoryBean.java:390) ~[spring-orm-6.1.10.jar:6.1.10]
	at org.springframework.orm.jpa.AbstractEntityManagerFactoryBean.buildNativeEntityManagerFactory(AbstractEntityManagerFactoryBean.java:409) ~[spring-orm-6.1.10.jar:6.1.10]
	... 19 common frames omitted
Caused by: org.h2.jdbc.JdbcSQLNonTransientConnectionException: La base de datos puede que ya esté siendo utilizada: "C:/data/demo.mv.db". Soluciones Posibles: cierre todas las otras conexiones; use el modo server
Database may be already in use: "C:/data/demo.mv.db". Possible solutions: close all other connection(s); use the server mode [90020-224]
	at org.h2.message.DbException.getJdbcSQLException(DbException.java:690) ~[h2-2.2.224.jar:2.2.224]
	at org.h2.message.DbException.getJdbcSQLException(DbException.java:489) ~[h2-2.2.224.jar:2.2.224]
	at org.h2.message.DbException.get(DbException.java:212) ~[h2-2.2.224.jar:2.2.224]
	at org.h2.mvstore.db.Store.convertMVStoreException(Store.java:165) ~[h2-2.2.224.jar:2.2.224]
	at org.h2.mvstore.db.Store.<init>(Store.java:142) ~[h2-2.2.224.jar:2.2.224]
	at org.h2.engine.Database.<init>(Database.java:326) ~[h2-2.2.224.jar:2.2.224]
	at org.h2.engine.Engine.openSession(Engine.java:92) ~[h2-2.2.224.jar:2.2.224]
	at org.h2.engine.Engine.openSession(Engine.java:222) ~[h2-2.2.224.jar:2.2.224]
	at org.h2.engine.Engine.createSession(Engine.java:201) ~[h2-2.2.224.jar:2.2.224]
	at org.h2.engine.SessionRemote.connectEmbeddedOrServer(SessionRemote.java:343) ~[h2-2.2.224.jar:2.2.224]
	at org.h2.jdbc.JdbcConnection.<init>(JdbcConnection.java:125) ~[h2-2.2.224.jar:2.2.224]
	at org.h2.Driver.connect(Driver.java:59) ~[h2-2.2.224.jar:2.2.224]
	at com.zaxxer.hikari.util.DriverDataSource.getConnection(DriverDataSource.java:137) ~[HikariCP-5.1.0.jar:na]
	at com.zaxxer.hikari.pool.PoolBase.newConnection(PoolBase.java:360) ~[HikariCP-5.1.0.jar:na]
	at com.zaxxer.hikari.pool.PoolBase.newPoolEntry(PoolBase.java:202) ~[HikariCP-5.1.0.jar:na]
	at com.zaxxer.hikari.pool.HikariPool.createPoolEntry(HikariPool.java:461) ~[HikariCP-5.1.0.jar:na]
	at com.zaxxer.hikari.pool.HikariPool.checkFailFast(HikariPool.java:550) ~[HikariCP-5.1.0.jar:na]
	at com.zaxxer.hikari.pool.HikariPool.<init>(HikariPool.java:98) ~[HikariCP-5.1.0.jar:na]
	at com.zaxxer.hikari.HikariDataSource.getConnection(HikariDataSource.java:111) ~[HikariCP-5.1.0.jar:na]
	at org.hibernate.engine.jdbc.connections.internal.DatasourceConnectionProviderImpl.getConnection(DatasourceConnectionProviderImpl.java:122) ~[hibernate-core-6.5.2.Final.jar:6.5.2.Final]
	at org.hibernate.engine.jdbc.env.internal.JdbcEnvironmentInitiator$ConnectionProviderJdbcConnectionAccess.obtainConnection(JdbcEnvironmentInitiator.java:437) ~[hibernate-core-6.5.2.Final.jar:6.5.2.Final]
	at org.hibernate.resource.transaction.backend.jdbc.internal.DdlTransactionIsolatorNonJtaImpl.getIsolatedConnection(DdlTransactionIsolatorNonJtaImpl.java:46) ~[hibernate-core-6.5.2.Final.jar:6.5.2.Final]
	... 39 common frames omitted
Caused by: org.h2.mvstore.MVStoreException: The file is locked: C:/data/demo.mv.db [2.2.224/7]
	at org.h2.mvstore.DataUtils.newMVStoreException(DataUtils.java:996) ~[h2-2.2.224.jar:2.2.224]
	at org.h2.mvstore.SingleFileStore.lockFileChannel(SingleFileStore.java:143) ~[h2-2.2.224.jar:2.2.224]
	at org.h2.mvstore.SingleFileStore.open(SingleFileStore.java:117) ~[h2-2.2.224.jar:2.2.224]
	at org.h2.mvstore.SingleFileStore.open(SingleFileStore.java:81) ~[h2-2.2.224.jar:2.2.224]
	at org.h2.mvstore.MVStore.<init>(MVStore.java:286) ~[h2-2.2.224.jar:2.2.224]
	at org.h2.mvstore.MVStore$Builder.open(MVStore.java:2035) ~[h2-2.2.224.jar:2.2.224]
	at org.h2.mvstore.db.Store.<init>(Store.java:133) ~[h2-2.2.224.jar:2.2.224]
	... 56 common frames omitted

2026-05-22T01:00:00.596-06:00  INFO 110112 --- [invex.bnpl] [main] com.invex.rest.bnpl.Application          : Starting Application using Java 21.0.6 with PID 110112 (C:\Desarrollos\credito.bnpl.repo-main\target\classes started by djacl in C:\Desarrollos\credito.bnpl.repo-main)
2026-05-22T01:00:00.598-06:00  INFO 110112 --- [invex.bnpl] [main] com.invex.rest.bnpl.Application          : No active profile set, falling back to 1 default profile: "default"
2026-05-22T01:00:01.199-06:00  INFO 110112 --- [invex.bnpl] [main] .s.d.r.c.RepositoryConfigurationDelegate : Bootstrapping Spring Data JPA repositories in DEFAULT mode.
2026-05-22T01:00:01.255-06:00  INFO 110112 --- [invex.bnpl] [main] .s.d.r.c.RepositoryConfigurationDelegate : Finished Spring Data repository scanning in 47 ms. Found 1 JPA repository interface.
2026-05-22T01:00:01.763-06:00  INFO 110112 --- [invex.bnpl] [main] o.s.b.w.embedded.tomcat.TomcatWebServer  : Tomcat initialized with port 8080 (http)
2026-05-22T01:00:01.778-06:00  INFO 110112 --- [invex.bnpl] [main] o.apache.catalina.core.StandardService   : Starting service [Tomcat]
2026-05-22T01:00:01.779-06:00  INFO 110112 --- [invex.bnpl] [main] o.apache.catalina.core.StandardEngine    : Starting Servlet engine: [Apache Tomcat/10.1.25]
2026-05-22T01:00:01.843-06:00  INFO 110112 --- [invex.bnpl] [main] o.a.c.c.C.[Tomcat].[localhost].[/]       : Initializing Spring embedded WebApplicationContext
2026-05-22T01:00:01.844-06:00  INFO 110112 --- [invex.bnpl] [main] w.s.c.ServletWebServerApplicationContext : Root WebApplicationContext: initialization completed in 1201 ms
2026-05-22T01:00:02.005-06:00  INFO 110112 --- [invex.bnpl] [main] o.hibernate.jpa.internal.util.LogHelper  : HHH000204: Processing PersistenceUnitInfo [name: default]
2026-05-22T01:00:02.063-06:00  INFO 110112 --- [invex.bnpl] [main] org.hibernate.Version                    : HHH000412: Hibernate ORM core version 6.5.2.Final
2026-05-22T01:00:02.095-06:00  INFO 110112 --- [invex.bnpl] [main] o.h.c.internal.RegionFactoryInitiator    : HHH000026: Second-level cache disabled
2026-05-22T01:00:02.319-06:00  INFO 110112 --- [invex.bnpl] [main] o.s.o.j.p.SpringPersistenceUnitInfo      : No LoadTimeWeaver setup: ignoring JPA class transformer
2026-05-22T01:00:02.340-06:00  INFO 110112 --- [invex.bnpl] [main] com.zaxxer.hikari.HikariDataSource       : HikariPool-1 - Starting...
2026-05-22T01:00:02.521-06:00  INFO 110112 --- [invex.bnpl] [main] com.zaxxer.hikari.pool.HikariPool        : HikariPool-1 - Added connection conn0: url=jdbc:h2:file:/data/demo user=SA
2026-05-22T01:00:02.523-06:00  INFO 110112 --- [invex.bnpl] [main] com.zaxxer.hikari.HikariDataSource       : HikariPool-1 - Start completed.
2026-05-22T01:00:02.542-06:00  WARN 110112 --- [invex.bnpl] [main] org.hibernate.orm.deprecation            : HHH90000025: H2Dialect does not need to be specified explicitly using 'hibernate.dialect' (remove the property setting and it will be selected by default)
2026-05-22T01:00:03.152-06:00  INFO 110112 --- [invex.bnpl] [main] o.h.e.t.j.p.i.JtaPlatformInitiator       : HHH000489: No JTA platform available (set 'hibernate.transaction.jta.platform' to enable JTA platform integration)
2026-05-22T01:00:03.185-06:00  INFO 110112 --- [invex.bnpl] [main] j.LocalContainerEntityManagerFactoryBean : Initialized JPA EntityManagerFactory for persistence unit 'default'
2026-05-22T01:00:03.479-06:00  WARN 110112 --- [invex.bnpl] [main] JpaBaseConfiguration$JpaWebConfiguration : spring.jpa.open-in-view is enabled by default. Therefore, database queries may be performed during view rendering. Explicitly configure spring.jpa.open-in-view to disable this warning
2026-05-22T01:00:03.825-06:00  INFO 110112 --- [invex.bnpl] [main] o.s.b.w.embedded.tomcat.TomcatWebServer  : Tomcat started on port 8080 (http) with context path '/'
2026-05-22T01:00:03.832-06:00  INFO 110112 --- [invex.bnpl] [main] com.invex.rest.bnpl.Application          : Started Application in 3.599 seconds (process running for 3.921)
2026-05-22T01:00:12.190-06:00  INFO 110112 --- [invex.bnpl] [http-nio-8080-exec-2] o.a.c.c.C.[Tomcat].[localhost].[/]       : Initializing Spring DispatcherServlet 'dispatcherServlet'
2026-05-22T01:00:12.191-06:00  INFO 110112 --- [invex.bnpl] [http-nio-8080-exec-2] o.s.web.servlet.DispatcherServlet        : Initializing Servlet 'dispatcherServlet'
2026-05-22T01:00:12.192-06:00  INFO 110112 --- [invex.bnpl] [http-nio-8080-exec-2] o.s.web.servlet.DispatcherServlet        : Completed initialization in 1 ms
2026-05-22T01:00:34.114-06:00  INFO 110112 --- [invex.bnpl] [http-nio-8080-exec-3] c.i.r.bnpl.service.EmployeeServiceImpl   : Trayendo Employees
2026-05-22T01:06:43.658-06:00  INFO 142660 --- [invex.bnpl] [main] com.invex.rest.bnpl.Application          : Starting Application using Java 21.0.6 with PID 142660 (C:\Desarrollos\credito.bnpl.repo-main\target\classes started by djacl in C:\Desarrollos\credito.bnpl.repo-main)
2026-05-22T01:06:43.659-06:00  INFO 142660 --- [invex.bnpl] [main] com.invex.rest.bnpl.Application          : No active profile set, falling back to 1 default profile: "default"
2026-05-22T01:06:44.261-06:00  INFO 142660 --- [invex.bnpl] [main] .s.d.r.c.RepositoryConfigurationDelegate : Bootstrapping Spring Data JPA repositories in DEFAULT mode.
2026-05-22T01:06:44.322-06:00  INFO 142660 --- [invex.bnpl] [main] .s.d.r.c.RepositoryConfigurationDelegate : Finished Spring Data repository scanning in 48 ms. Found 1 JPA repository interface.
2026-05-22T01:06:44.829-06:00  INFO 142660 --- [invex.bnpl] [main] o.s.b.w.embedded.tomcat.TomcatWebServer  : Tomcat initialized with port 8080 (http)
2026-05-22T01:06:44.843-06:00  INFO 142660 --- [invex.bnpl] [main] o.apache.catalina.core.StandardService   : Starting service [Tomcat]
2026-05-22T01:06:44.843-06:00  INFO 142660 --- [invex.bnpl] [main] o.apache.catalina.core.StandardEngine    : Starting Servlet engine: [Apache Tomcat/10.1.25]
2026-05-22T01:06:44.897-06:00  INFO 142660 --- [invex.bnpl] [main] o.a.c.c.C.[Tomcat].[localhost].[/]       : Initializing Spring embedded WebApplicationContext
2026-05-22T01:06:44.898-06:00  INFO 142660 --- [invex.bnpl] [main] w.s.c.ServletWebServerApplicationContext : Root WebApplicationContext: initialization completed in 1199 ms
2026-05-22T01:06:45.056-06:00  INFO 142660 --- [invex.bnpl] [main] o.hibernate.jpa.internal.util.LogHelper  : HHH000204: Processing PersistenceUnitInfo [name: default]
2026-05-22T01:06:45.103-06:00  INFO 142660 --- [invex.bnpl] [main] org.hibernate.Version                    : HHH000412: Hibernate ORM core version 6.5.2.Final
2026-05-22T01:06:45.126-06:00  INFO 142660 --- [invex.bnpl] [main] o.h.c.internal.RegionFactoryInitiator    : HHH000026: Second-level cache disabled
2026-05-22T01:06:45.356-06:00  INFO 142660 --- [invex.bnpl] [main] o.s.o.j.p.SpringPersistenceUnitInfo      : No LoadTimeWeaver setup: ignoring JPA class transformer
2026-05-22T01:06:45.378-06:00  INFO 142660 --- [invex.bnpl] [main] com.zaxxer.hikari.HikariDataSource       : HikariPool-1 - Starting...
2026-05-22T01:06:45.568-06:00  INFO 142660 --- [invex.bnpl] [main] com.zaxxer.hikari.pool.HikariPool        : HikariPool-1 - Added connection conn0: url=jdbc:h2:file:/data/demo user=SA
2026-05-22T01:06:45.570-06:00  INFO 142660 --- [invex.bnpl] [main] com.zaxxer.hikari.HikariDataSource       : HikariPool-1 - Start completed.
2026-05-22T01:06:45.588-06:00  WARN 142660 --- [invex.bnpl] [main] org.hibernate.orm.deprecation            : HHH90000025: H2Dialect does not need to be specified explicitly using 'hibernate.dialect' (remove the property setting and it will be selected by default)
2026-05-22T01:06:46.124-06:00  INFO 142660 --- [invex.bnpl] [main] o.h.e.t.j.p.i.JtaPlatformInitiator       : HHH000489: No JTA platform available (set 'hibernate.transaction.jta.platform' to enable JTA platform integration)
2026-05-22T01:06:46.155-06:00  INFO 142660 --- [invex.bnpl] [main] j.LocalContainerEntityManagerFactoryBean : Initialized JPA EntityManagerFactory for persistence unit 'default'
2026-05-22T01:06:46.429-06:00  WARN 142660 --- [invex.bnpl] [main] JpaBaseConfiguration$JpaWebConfiguration : spring.jpa.open-in-view is enabled by default. Therefore, database queries may be performed during view rendering. Explicitly configure spring.jpa.open-in-view to disable this warning
2026-05-22T01:06:46.760-06:00  INFO 142660 --- [invex.bnpl] [main] o.s.b.w.embedded.tomcat.TomcatWebServer  : Tomcat started on port 8080 (http) with context path '/'
2026-05-22T01:06:46.769-06:00  INFO 142660 --- [invex.bnpl] [main] com.invex.rest.bnpl.Application          : Started Application in 3.46 seconds (process running for 3.75)
2026-05-22T01:07:46.993-06:00  INFO 142660 --- [invex.bnpl] [http-nio-8080-exec-1] o.a.c.c.C.[Tomcat].[localhost].[/]       : Initializing Spring DispatcherServlet 'dispatcherServlet'
2026-05-22T01:07:46.993-06:00  INFO 142660 --- [invex.bnpl] [http-nio-8080-exec-1] o.s.web.servlet.DispatcherServlet        : Initializing Servlet 'dispatcherServlet'
2026-05-22T01:07:46.997-06:00  INFO 142660 --- [invex.bnpl] [http-nio-8080-exec-1] o.s.web.servlet.DispatcherServlet        : Completed initialization in 3 ms
2026-05-22T01:07:47.074-06:00  INFO 142660 --- [invex.bnpl] [http-nio-8080-exec-1] c.i.r.bnpl.service.EmployeeServiceImpl   : Get All Employees
2026-05-22T01:15:09.919-06:00  INFO 146116 --- [invex.bnpl] [main] com.invex.rest.bnpl.Application          : Starting Application using Java 21.0.6 with PID 146116 (C:\Desarrollos\credito.bnpl.repo-main\target\classes started by djacl in C:\Desarrollos\credito.bnpl.repo-main)
2026-05-22T01:15:09.921-06:00  INFO 146116 --- [invex.bnpl] [main] com.invex.rest.bnpl.Application          : No active profile set, falling back to 1 default profile: "default"
2026-05-22T01:15:10.498-06:00  INFO 146116 --- [invex.bnpl] [main] .s.d.r.c.RepositoryConfigurationDelegate : Bootstrapping Spring Data JPA repositories in DEFAULT mode.
2026-05-22T01:15:10.559-06:00  INFO 146116 --- [invex.bnpl] [main] .s.d.r.c.RepositoryConfigurationDelegate : Finished Spring Data repository scanning in 47 ms. Found 1 JPA repository interface.
2026-05-22T01:15:11.064-06:00  INFO 146116 --- [invex.bnpl] [main] o.s.b.w.embedded.tomcat.TomcatWebServer  : Tomcat initialized with port 8080 (http)
2026-05-22T01:15:11.078-06:00  INFO 146116 --- [invex.bnpl] [main] o.apache.catalina.core.StandardService   : Starting service [Tomcat]
2026-05-22T01:15:11.078-06:00  INFO 146116 --- [invex.bnpl] [main] o.apache.catalina.core.StandardEngine    : Starting Servlet engine: [Apache Tomcat/10.1.25]
2026-05-22T01:15:11.136-06:00  INFO 146116 --- [invex.bnpl] [main] o.a.c.c.C.[Tomcat].[localhost].[/]       : Initializing Spring embedded WebApplicationContext
2026-05-22T01:15:11.136-06:00  INFO 146116 --- [invex.bnpl] [main] w.s.c.ServletWebServerApplicationContext : Root WebApplicationContext: initialization completed in 1171 ms
2026-05-22T01:15:11.302-06:00  INFO 146116 --- [invex.bnpl] [main] o.hibernate.jpa.internal.util.LogHelper  : HHH000204: Processing PersistenceUnitInfo [name: default]
2026-05-22T01:15:11.350-06:00  INFO 146116 --- [invex.bnpl] [main] org.hibernate.Version                    : HHH000412: Hibernate ORM core version 6.5.2.Final
2026-05-22T01:15:11.376-06:00  INFO 146116 --- [invex.bnpl] [main] o.h.c.internal.RegionFactoryInitiator    : HHH000026: Second-level cache disabled
2026-05-22T01:15:11.603-06:00  INFO 146116 --- [invex.bnpl] [main] o.s.o.j.p.SpringPersistenceUnitInfo      : No LoadTimeWeaver setup: ignoring JPA class transformer
2026-05-22T01:15:11.626-06:00  INFO 146116 --- [invex.bnpl] [main] com.zaxxer.hikari.HikariDataSource       : HikariPool-1 - Starting...
2026-05-22T01:15:11.824-06:00  INFO 146116 --- [invex.bnpl] [main] com.zaxxer.hikari.pool.HikariPool        : HikariPool-1 - Added connection conn0: url=jdbc:h2:file:/data/demo user=SA
2026-05-22T01:15:11.826-06:00  INFO 146116 --- [invex.bnpl] [main] com.zaxxer.hikari.HikariDataSource       : HikariPool-1 - Start completed.
2026-05-22T01:15:11.845-06:00  WARN 146116 --- [invex.bnpl] [main] org.hibernate.orm.deprecation            : HHH90000025: H2Dialect does not need to be specified explicitly using 'hibernate.dialect' (remove the property setting and it will be selected by default)
2026-05-22T01:15:12.408-06:00  INFO 146116 --- [invex.bnpl] [main] o.h.e.t.j.p.i.JtaPlatformInitiator       : HHH000489: No JTA platform available (set 'hibernate.transaction.jta.platform' to enable JTA platform integration)
2026-05-22T01:15:12.442-06:00  INFO 146116 --- [invex.bnpl] [main] j.LocalContainerEntityManagerFactoryBean : Initialized JPA EntityManagerFactory for persistence unit 'default'
2026-05-22T01:15:12.728-06:00  WARN 146116 --- [invex.bnpl] [main] JpaBaseConfiguration$JpaWebConfiguration : spring.jpa.open-in-view is enabled by default. Therefore, database queries may be performed during view rendering. Explicitly configure spring.jpa.open-in-view to disable this warning
2026-05-22T01:15:13.087-06:00  INFO 146116 --- [invex.bnpl] [main] o.s.b.w.embedded.tomcat.TomcatWebServer  : Tomcat started on port 8080 (http) with context path '/'
2026-05-22T01:15:13.094-06:00  INFO 146116 --- [invex.bnpl] [main] com.invex.rest.bnpl.Application          : Started Application in 3.55 seconds (process running for 3.872)
2026-05-22T01:15:42.356-06:00  INFO 146116 --- [invex.bnpl] [http-nio-8080-exec-5] o.apache.coyote.http11.Http11Processor   : Error parsing HTTP request header
 Note: further occurrences of HTTP request parsing errors will be logged at DEBUG level.

java.lang.IllegalArgumentException: Invalid character found in the request target [/invexapp/Employees/search?name={name}:%20 ]. The valid characters are defined in RFC 7230 and RFC 3986
	at org.apache.coyote.http11.Http11InputBuffer.parseRequestLine(Http11InputBuffer.java:482) ~[tomcat-embed-core-10.1.25.jar:10.1.25]
	at org.apache.coyote.http11.Http11Processor.service(Http11Processor.java:262) ~[tomcat-embed-core-10.1.25.jar:10.1.25]
	at org.apache.coyote.AbstractProcessorLight.process(AbstractProcessorLight.java:63) ~[tomcat-embed-core-10.1.25.jar:10.1.25]
	at org.apache.coyote.AbstractProtocol$ConnectionHandler.process(AbstractProtocol.java:904) ~[tomcat-embed-core-10.1.25.jar:10.1.25]
	at org.apache.tomcat.util.net.NioEndpoint$SocketProcessor.doRun(NioEndpoint.java:1741) ~[tomcat-embed-core-10.1.25.jar:10.1.25]
	at org.apache.tomcat.util.net.SocketProcessorBase.run(SocketProcessorBase.java:52) ~[tomcat-embed-core-10.1.25.jar:10.1.25]
	at org.apache.tomcat.util.threads.ThreadPoolExecutor.runWorker(ThreadPoolExecutor.java:1190) ~[tomcat-embed-core-10.1.25.jar:10.1.25]
	at org.apache.tomcat.util.threads.ThreadPoolExecutor$Worker.run(ThreadPoolExecutor.java:659) ~[tomcat-embed-core-10.1.25.jar:10.1.25]
	at org.apache.tomcat.util.threads.TaskThread$WrappingRunnable.run(TaskThread.java:63) ~[tomcat-embed-core-10.1.25.jar:10.1.25]
	at java.base/java.lang.Thread.run(Thread.java:1583) ~[na:na]

2026-05-22T01:16:04.664-06:00  INFO 146116 --- [invex.bnpl] [http-nio-8080-exec-4] o.a.c.c.C.[Tomcat].[localhost].[/]       : Initializing Spring DispatcherServlet 'dispatcherServlet'
2026-05-22T01:16:04.665-06:00  INFO 146116 --- [invex.bnpl] [http-nio-8080-exec-4] o.s.web.servlet.DispatcherServlet        : Initializing Servlet 'dispatcherServlet'
2026-05-22T01:16:04.669-06:00  INFO 146116 --- [invex.bnpl] [http-nio-8080-exec-4] o.s.web.servlet.DispatcherServlet        : Completed initialization in 4 ms
2026-05-22T01:17:46.072-06:00  INFO 97188 --- [invex.bnpl] [main] com.invex.rest.bnpl.Application          : Starting Application using Java 21.0.6 with PID 97188 (C:\Desarrollos\credito.bnpl.repo-main\target\classes started by djacl in C:\Desarrollos\credito.bnpl.repo-main)
2026-05-22T01:17:46.075-06:00  INFO 97188 --- [invex.bnpl] [main] com.invex.rest.bnpl.Application          : No active profile set, falling back to 1 default profile: "default"
2026-05-22T01:17:46.687-06:00  INFO 97188 --- [invex.bnpl] [main] .s.d.r.c.RepositoryConfigurationDelegate : Bootstrapping Spring Data JPA repositories in DEFAULT mode.
2026-05-22T01:17:46.747-06:00  INFO 97188 --- [invex.bnpl] [main] .s.d.r.c.RepositoryConfigurationDelegate : Finished Spring Data repository scanning in 48 ms. Found 1 JPA repository interface.
2026-05-22T01:17:47.247-06:00  INFO 97188 --- [invex.bnpl] [main] o.s.b.w.embedded.tomcat.TomcatWebServer  : Tomcat initialized with port 8080 (http)
2026-05-22T01:17:47.262-06:00  INFO 97188 --- [invex.bnpl] [main] o.apache.catalina.core.StandardService   : Starting service [Tomcat]
2026-05-22T01:17:47.262-06:00  INFO 97188 --- [invex.bnpl] [main] o.apache.catalina.core.StandardEngine    : Starting Servlet engine: [Apache Tomcat/10.1.25]
2026-05-22T01:17:47.321-06:00  INFO 97188 --- [invex.bnpl] [main] o.a.c.c.C.[Tomcat].[localhost].[/]       : Initializing Spring embedded WebApplicationContext
2026-05-22T01:17:47.322-06:00  INFO 97188 --- [invex.bnpl] [main] w.s.c.ServletWebServerApplicationContext : Root WebApplicationContext: initialization completed in 1205 ms
2026-05-22T01:17:47.487-06:00  INFO 97188 --- [invex.bnpl] [main] o.hibernate.jpa.internal.util.LogHelper  : HHH000204: Processing PersistenceUnitInfo [name: default]
2026-05-22T01:17:47.542-06:00  INFO 97188 --- [invex.bnpl] [main] org.hibernate.Version                    : HHH000412: Hibernate ORM core version 6.5.2.Final
2026-05-22T01:17:47.566-06:00  INFO 97188 --- [invex.bnpl] [main] o.h.c.internal.RegionFactoryInitiator    : HHH000026: Second-level cache disabled
2026-05-22T01:17:47.799-06:00  INFO 97188 --- [invex.bnpl] [main] o.s.o.j.p.SpringPersistenceUnitInfo      : No LoadTimeWeaver setup: ignoring JPA class transformer
2026-05-22T01:17:47.824-06:00  INFO 97188 --- [invex.bnpl] [main] com.zaxxer.hikari.HikariDataSource       : HikariPool-1 - Starting...
2026-05-22T01:17:48.036-06:00  INFO 97188 --- [invex.bnpl] [main] com.zaxxer.hikari.pool.HikariPool        : HikariPool-1 - Added connection conn0: url=jdbc:h2:file:/data/demo user=SA
2026-05-22T01:17:48.038-06:00  INFO 97188 --- [invex.bnpl] [main] com.zaxxer.hikari.HikariDataSource       : HikariPool-1 - Start completed.
2026-05-22T01:17:48.057-06:00  WARN 97188 --- [invex.bnpl] [main] org.hibernate.orm.deprecation            : HHH90000025: H2Dialect does not need to be specified explicitly using 'hibernate.dialect' (remove the property setting and it will be selected by default)
2026-05-22T01:17:48.586-06:00  INFO 97188 --- [invex.bnpl] [main] o.h.e.t.j.p.i.JtaPlatformInitiator       : HHH000489: No JTA platform available (set 'hibernate.transaction.jta.platform' to enable JTA platform integration)
2026-05-22T01:17:48.618-06:00  INFO 97188 --- [invex.bnpl] [main] j.LocalContainerEntityManagerFactoryBean : Initialized JPA EntityManagerFactory for persistence unit 'default'
2026-05-22T01:17:48.891-06:00  WARN 97188 --- [invex.bnpl] [main] JpaBaseConfiguration$JpaWebConfiguration : spring.jpa.open-in-view is enabled by default. Therefore, database queries may be performed during view rendering. Explicitly configure spring.jpa.open-in-view to disable this warning
2026-05-22T01:17:49.247-06:00  INFO 97188 --- [invex.bnpl] [main] o.s.b.w.embedded.tomcat.TomcatWebServer  : Tomcat started on port 8080 (http) with context path '/'
2026-05-22T01:17:49.254-06:00  INFO 97188 --- [invex.bnpl] [main] com.invex.rest.bnpl.Application          : Started Application in 3.567 seconds (process running for 3.872)
2026-05-22T01:17:52.548-06:00  INFO 97188 --- [invex.bnpl] [http-nio-8080-exec-2] o.a.c.c.C.[Tomcat].[localhost].[/]       : Initializing Spring DispatcherServlet 'dispatcherServlet'
2026-05-22T01:17:52.549-06:00  INFO 97188 --- [invex.bnpl] [http-nio-8080-exec-2] o.s.web.servlet.DispatcherServlet        : Initializing Servlet 'dispatcherServlet'
2026-05-22T01:17:52.551-06:00  INFO 97188 --- [invex.bnpl] [http-nio-8080-exec-2] o.s.web.servlet.DispatcherServlet        : Completed initialization in 1 ms
2026-05-22T01:20:30.314-06:00  INFO 143972 --- [invex.bnpl] [main] com.invex.rest.bnpl.Application          : Starting Application using Java 21.0.6 with PID 143972 (C:\Desarrollos\credito.bnpl.repo-main\target\classes started by djacl in C:\Desarrollos\credito.bnpl.repo-main)
2026-05-22T01:20:30.317-06:00  INFO 143972 --- [invex.bnpl] [main] com.invex.rest.bnpl.Application          : No active profile set, falling back to 1 default profile: "default"
2026-05-22T01:20:30.946-06:00  INFO 143972 --- [invex.bnpl] [main] .s.d.r.c.RepositoryConfigurationDelegate : Bootstrapping Spring Data JPA repositories in DEFAULT mode.
2026-05-22T01:20:31.011-06:00  INFO 143972 --- [invex.bnpl] [main] .s.d.r.c.RepositoryConfigurationDelegate : Finished Spring Data repository scanning in 52 ms. Found 1 JPA repository interface.
2026-05-22T01:20:31.519-06:00  INFO 143972 --- [invex.bnpl] [main] o.s.b.w.embedded.tomcat.TomcatWebServer  : Tomcat initialized with port 8080 (http)
2026-05-22T01:20:31.534-06:00  INFO 143972 --- [invex.bnpl] [main] o.apache.catalina.core.StandardService   : Starting service [Tomcat]
2026-05-22T01:20:31.534-06:00  INFO 143972 --- [invex.bnpl] [main] o.apache.catalina.core.StandardEngine    : Starting Servlet engine: [Apache Tomcat/10.1.25]
2026-05-22T01:20:31.597-06:00  INFO 143972 --- [invex.bnpl] [main] o.a.c.c.C.[Tomcat].[localhost].[/]       : Initializing Spring embedded WebApplicationContext
2026-05-22T01:20:31.597-06:00  INFO 143972 --- [invex.bnpl] [main] w.s.c.ServletWebServerApplicationContext : Root WebApplicationContext: initialization completed in 1232 ms
2026-05-22T01:20:31.766-06:00  INFO 143972 --- [invex.bnpl] [main] o.hibernate.jpa.internal.util.LogHelper  : HHH000204: Processing PersistenceUnitInfo [name: default]
2026-05-22T01:20:31.814-06:00  INFO 143972 --- [invex.bnpl] [main] org.hibernate.Version                    : HHH000412: Hibernate ORM core version 6.5.2.Final
2026-05-22T01:20:31.840-06:00  INFO 143972 --- [invex.bnpl] [main] o.h.c.internal.RegionFactoryInitiator    : HHH000026: Second-level cache disabled
2026-05-22T01:20:32.078-06:00  INFO 143972 --- [invex.bnpl] [main] o.s.o.j.p.SpringPersistenceUnitInfo      : No LoadTimeWeaver setup: ignoring JPA class transformer
2026-05-22T01:20:32.098-06:00  INFO 143972 --- [invex.bnpl] [main] com.zaxxer.hikari.HikariDataSource       : HikariPool-1 - Starting...
2026-05-22T01:20:32.274-06:00  INFO 143972 --- [invex.bnpl] [main] com.zaxxer.hikari.pool.HikariPool        : HikariPool-1 - Added connection conn0: url=jdbc:h2:file:/data/demo user=SA
2026-05-22T01:20:32.276-06:00  INFO 143972 --- [invex.bnpl] [main] com.zaxxer.hikari.HikariDataSource       : HikariPool-1 - Start completed.
2026-05-22T01:20:32.293-06:00  WARN 143972 --- [invex.bnpl] [main] org.hibernate.orm.deprecation            : HHH90000025: H2Dialect does not need to be specified explicitly using 'hibernate.dialect' (remove the property setting and it will be selected by default)
2026-05-22T01:20:32.846-06:00  INFO 143972 --- [invex.bnpl] [main] o.h.e.t.j.p.i.JtaPlatformInitiator       : HHH000489: No JTA platform available (set 'hibernate.transaction.jta.platform' to enable JTA platform integration)
2026-05-22T01:20:32.879-06:00  INFO 143972 --- [invex.bnpl] [main] j.LocalContainerEntityManagerFactoryBean : Initialized JPA EntityManagerFactory for persistence unit 'default'
2026-05-22T01:20:33.143-06:00  WARN 143972 --- [invex.bnpl] [main] JpaBaseConfiguration$JpaWebConfiguration : spring.jpa.open-in-view is enabled by default. Therefore, database queries may be performed during view rendering. Explicitly configure spring.jpa.open-in-view to disable this warning
2026-05-22T01:20:33.500-06:00  INFO 143972 --- [invex.bnpl] [main] o.s.b.w.embedded.tomcat.TomcatWebServer  : Tomcat started on port 8080 (http) with context path '/'
2026-05-22T01:20:33.509-06:00  INFO 143972 --- [invex.bnpl] [main] com.invex.rest.bnpl.Application          : Started Application in 3.559 seconds (process running for 3.852)
2026-05-22T01:20:36.784-06:00  INFO 143972 --- [invex.bnpl] [http-nio-8080-exec-1] o.a.c.c.C.[Tomcat].[localhost].[/]       : Initializing Spring DispatcherServlet 'dispatcherServlet'
2026-05-22T01:20:36.784-06:00  INFO 143972 --- [invex.bnpl] [http-nio-8080-exec-1] o.s.web.servlet.DispatcherServlet        : Initializing Servlet 'dispatcherServlet'
2026-05-22T01:20:36.786-06:00  INFO 143972 --- [invex.bnpl] [http-nio-8080-exec-1] o.s.web.servlet.DispatcherServlet        : Completed initialization in 1 ms
2026-05-22T01:20:36.946-06:00  WARN 143972 --- [invex.bnpl] [http-nio-8080-exec-1] .c.j.MappingJackson2HttpMessageConverter : Failed to evaluate Jackson serialization for type [class com.invex.rest.bnpl.entity.Employee]: com.fasterxml.jackson.databind.exc.InvalidDefinitionException: Conflicting getter definitions for property "name": com.invex.rest.bnpl.entity.Employee#getname() vs com.invex.rest.bnpl.entity.Employee#getName()
2026-05-22T01:20:36.947-06:00  WARN 143972 --- [invex.bnpl] [http-nio-8080-exec-1] .c.j.MappingJackson2HttpMessageConverter : Failed to evaluate Jackson serialization for type [class com.invex.rest.bnpl.entity.Employee]: com.fasterxml.jackson.databind.exc.InvalidDefinitionException: Conflicting getter definitions for property "name": com.invex.rest.bnpl.entity.Employee#getname() vs com.invex.rest.bnpl.entity.Employee#getName()
2026-05-22T01:22:03.740-06:00  INFO 146548 --- [invex.bnpl] [main] com.invex.rest.bnpl.Application          : Starting Application using Java 21.0.6 with PID 146548 (C:\Desarrollos\credito.bnpl.repo-main\target\classes started by djacl in C:\Desarrollos\credito.bnpl.repo-main)
2026-05-22T01:22:03.742-06:00  INFO 146548 --- [invex.bnpl] [main] com.invex.rest.bnpl.Application          : No active profile set, falling back to 1 default profile: "default"
2026-05-22T01:22:04.347-06:00  INFO 146548 --- [invex.bnpl] [main] .s.d.r.c.RepositoryConfigurationDelegate : Bootstrapping Spring Data JPA repositories in DEFAULT mode.
2026-05-22T01:22:04.409-06:00  INFO 146548 --- [invex.bnpl] [main] .s.d.r.c.RepositoryConfigurationDelegate : Finished Spring Data repository scanning in 49 ms. Found 1 JPA repository interface.
2026-05-22T01:22:04.911-06:00  INFO 146548 --- [invex.bnpl] [main] o.s.b.w.embedded.tomcat.TomcatWebServer  : Tomcat initialized with port 8080 (http)
2026-05-22T01:22:04.924-06:00  INFO 146548 --- [invex.bnpl] [main] o.apache.catalina.core.StandardService   : Starting service [Tomcat]
2026-05-22T01:22:04.925-06:00  INFO 146548 --- [invex.bnpl] [main] o.apache.catalina.core.StandardEngine    : Starting Servlet engine: [Apache Tomcat/10.1.25]
2026-05-22T01:22:04.979-06:00  INFO 146548 --- [invex.bnpl] [main] o.a.c.c.C.[Tomcat].[localhost].[/]       : Initializing Spring embedded WebApplicationContext
2026-05-22T01:22:04.979-06:00  INFO 146548 --- [invex.bnpl] [main] w.s.c.ServletWebServerApplicationContext : Root WebApplicationContext: initialization completed in 1196 ms
2026-05-22T01:22:05.141-06:00  INFO 146548 --- [invex.bnpl] [main] o.hibernate.jpa.internal.util.LogHelper  : HHH000204: Processing PersistenceUnitInfo [name: default]
2026-05-22T01:22:05.194-06:00  INFO 146548 --- [invex.bnpl] [main] org.hibernate.Version                    : HHH000412: Hibernate ORM core version 6.5.2.Final
2026-05-22T01:22:05.219-06:00  INFO 146548 --- [invex.bnpl] [main] o.h.c.internal.RegionFactoryInitiator    : HHH000026: Second-level cache disabled
2026-05-22T01:22:05.458-06:00  INFO 146548 --- [invex.bnpl] [main] o.s.o.j.p.SpringPersistenceUnitInfo      : No LoadTimeWeaver setup: ignoring JPA class transformer
2026-05-22T01:22:05.477-06:00  INFO 146548 --- [invex.bnpl] [main] com.zaxxer.hikari.HikariDataSource       : HikariPool-1 - Starting...
2026-05-22T01:22:05.656-06:00  INFO 146548 --- [invex.bnpl] [main] com.zaxxer.hikari.pool.HikariPool        : HikariPool-1 - Added connection conn0: url=jdbc:h2:file:/data/demo user=SA
2026-05-22T01:22:05.659-06:00  INFO 146548 --- [invex.bnpl] [main] com.zaxxer.hikari.HikariDataSource       : HikariPool-1 - Start completed.
2026-05-22T01:22:05.682-06:00  WARN 146548 --- [invex.bnpl] [main] org.hibernate.orm.deprecation            : HHH90000025: H2Dialect does not need to be specified explicitly using 'hibernate.dialect' (remove the property setting and it will be selected by default)
2026-05-22T01:22:06.225-06:00  INFO 146548 --- [invex.bnpl] [main] o.h.e.t.j.p.i.JtaPlatformInitiator       : HHH000489: No JTA platform available (set 'hibernate.transaction.jta.platform' to enable JTA platform integration)
2026-05-22T01:22:06.257-06:00  INFO 146548 --- [invex.bnpl] [main] j.LocalContainerEntityManagerFactoryBean : Initialized JPA EntityManagerFactory for persistence unit 'default'
2026-05-22T01:22:06.542-06:00  WARN 146548 --- [invex.bnpl] [main] JpaBaseConfiguration$JpaWebConfiguration : spring.jpa.open-in-view is enabled by default. Therefore, database queries may be performed during view rendering. Explicitly configure spring.jpa.open-in-view to disable this warning
2026-05-22T01:22:06.878-06:00  INFO 146548 --- [invex.bnpl] [main] o.s.b.w.embedded.tomcat.TomcatWebServer  : Tomcat started on port 8080 (http) with context path '/'
2026-05-22T01:22:06.886-06:00  INFO 146548 --- [invex.bnpl] [main] com.invex.rest.bnpl.Application          : Started Application in 3.506 seconds (process running for 3.814)
2026-05-22T01:22:09.593-06:00  INFO 146548 --- [invex.bnpl] [http-nio-8080-exec-2] o.a.c.c.C.[Tomcat].[localhost].[/]       : Initializing Spring DispatcherServlet 'dispatcherServlet'
2026-05-22T01:22:09.593-06:00  INFO 146548 --- [invex.bnpl] [http-nio-8080-exec-2] o.s.web.servlet.DispatcherServlet        : Initializing Servlet 'dispatcherServlet'
2026-05-22T01:22:09.595-06:00  INFO 146548 --- [invex.bnpl] [http-nio-8080-exec-2] o.s.web.servlet.DispatcherServlet        : Completed initialization in 2 ms
2026-05-22T01:22:09.672-06:00  INFO 146548 --- [invex.bnpl] [http-nio-8080-exec-2] c.i.r.bnpl.service.EmployeeServiceImpl   : Get Employee nene 
2026-05-22T01:22:09.717-06:00  WARN 146548 --- [invex.bnpl] [http-nio-8080-exec-2] .c.j.MappingJackson2HttpMessageConverter : Failed to evaluate Jackson serialization for type [class com.invex.rest.bnpl.entity.Employee]: com.fasterxml.jackson.databind.exc.InvalidDefinitionException: Conflicting getter definitions for property "name": com.invex.rest.bnpl.entity.Employee#getname() vs com.invex.rest.bnpl.entity.Employee#getName()
2026-05-22T01:22:09.718-06:00  WARN 146548 --- [invex.bnpl] [http-nio-8080-exec-2] .c.j.MappingJackson2HttpMessageConverter : Failed to evaluate Jackson serialization for type [class com.invex.rest.bnpl.entity.Employee]: com.fasterxml.jackson.databind.exc.InvalidDefinitionException: Conflicting getter definitions for property "name": com.invex.rest.bnpl.entity.Employee#getname() vs com.invex.rest.bnpl.entity.Employee#getName()
2026-05-22T01:27:51.528-06:00  INFO 146548 --- [invex.bnpl] [http-nio-8080-exec-5] c.i.r.bnpl.service.EmployeeServiceImpl   : Get All Employees
2026-05-22T01:28:03.857-06:00  WARN 146548 --- [invex.bnpl] [http-nio-8080-exec-8] .c.j.MappingJackson2HttpMessageConverter : Failed to evaluate Jackson deserialization for type [[simple type, class com.invex.rest.bnpl.entity.Employee]]: com.fasterxml.jackson.databind.exc.InvalidDefinitionException: Conflicting getter definitions for property "name": com.invex.rest.bnpl.entity.Employee#getname() vs com.invex.rest.bnpl.entity.Employee#getName()
2026-05-22T01:28:03.858-06:00  WARN 146548 --- [invex.bnpl] [http-nio-8080-exec-8] .c.j.MappingJackson2HttpMessageConverter : Failed to evaluate Jackson deserialization for type [[simple type, class com.invex.rest.bnpl.entity.Employee]]: com.fasterxml.jackson.databind.exc.InvalidDefinitionException: Conflicting getter definitions for property "name": com.invex.rest.bnpl.entity.Employee#getname() vs com.invex.rest.bnpl.entity.Employee#getName()
2026-05-22T01:28:03.867-06:00  WARN 146548 --- [invex.bnpl] [http-nio-8080-exec-8] .w.s.m.s.DefaultHandlerExceptionResolver : Resolved [org.springframework.web.HttpMediaTypeNotSupportedException: Content-Type 'application/json;charset=UTF-8' is not supported]
2026-05-22T01:28:13.366-06:00  WARN 146548 --- [invex.bnpl] [http-nio-8080-exec-9] .c.j.MappingJackson2HttpMessageConverter : Failed to evaluate Jackson serialization for type [class com.invex.rest.bnpl.entity.Employee]: com.fasterxml.jackson.databind.exc.InvalidDefinitionException: Conflicting getter definitions for property "name": com.invex.rest.bnpl.entity.Employee#getname() vs com.invex.rest.bnpl.entity.Employee#getName()
2026-05-22T01:28:13.368-06:00  WARN 146548 --- [invex.bnpl] [http-nio-8080-exec-9] .c.j.MappingJackson2HttpMessageConverter : Failed to evaluate Jackson serialization for type [class com.invex.rest.bnpl.entity.Employee]: com.fasterxml.jackson.databind.exc.InvalidDefinitionException: Conflicting getter definitions for property "name": com.invex.rest.bnpl.entity.Employee#getname() vs com.invex.rest.bnpl.entity.Employee#getName()
2026-05-22T01:28:22.222-06:00  INFO 146548 --- [invex.bnpl] [http-nio-8080-exec-6] c.i.r.bnpl.service.EmployeeServiceImpl   : Get Employee nene 
2026-05-22T01:28:22.224-06:00  WARN 146548 --- [invex.bnpl] [http-nio-8080-exec-6] .c.j.MappingJackson2HttpMessageConverter : Failed to evaluate Jackson serialization for type [class com.invex.rest.bnpl.entity.Employee]: com.fasterxml.jackson.databind.exc.InvalidDefinitionException: Conflicting getter definitions for property "name": com.invex.rest.bnpl.entity.Employee#getname() vs com.invex.rest.bnpl.entity.Employee#getName()
2026-05-22T01:28:22.226-06:00  WARN 146548 --- [invex.bnpl] [http-nio-8080-exec-6] .c.j.MappingJackson2HttpMessageConverter : Failed to evaluate Jackson serialization for type [class com.invex.rest.bnpl.entity.Employee]: com.fasterxml.jackson.databind.exc.InvalidDefinitionException: Conflicting getter definitions for property "name": com.invex.rest.bnpl.entity.Employee#getname() vs com.invex.rest.bnpl.entity.Employee#getName()
2026-05-22T01:28:53.341-06:00  WARN 146548 --- [invex.bnpl] [http-nio-8080-exec-10] .c.j.MappingJackson2HttpMessageConverter : Failed to evaluate Jackson deserialization for type [[simple type, class com.invex.rest.bnpl.entity.Employee]]: com.fasterxml.jackson.databind.exc.InvalidDefinitionException: Conflicting getter definitions for property "name": com.invex.rest.bnpl.entity.Employee#getname() vs com.invex.rest.bnpl.entity.Employee#getName()
2026-05-22T01:28:53.344-06:00  WARN 146548 --- [invex.bnpl] [http-nio-8080-exec-10] .c.j.MappingJackson2HttpMessageConverter : Failed to evaluate Jackson deserialization for type [[simple type, class com.invex.rest.bnpl.entity.Employee]]: com.fasterxml.jackson.databind.exc.InvalidDefinitionException: Conflicting getter definitions for property "name": com.invex.rest.bnpl.entity.Employee#getname() vs com.invex.rest.bnpl.entity.Employee#getName()
2026-05-22T01:28:53.346-06:00  WARN 146548 --- [invex.bnpl] [http-nio-8080-exec-10] .w.s.m.s.DefaultHandlerExceptionResolver : Resolved [org.springframework.web.HttpMediaTypeNotSupportedException: Content-Type 'application/json;charset=UTF-8' is not supported]
2026-05-22T01:33:52.596-06:00  WARN 146548 --- [invex.bnpl] [http-nio-8080-exec-4] .c.j.MappingJackson2HttpMessageConverter : Failed to evaluate Jackson deserialization for type [[simple type, class com.invex.rest.bnpl.entity.Employee]]: com.fasterxml.jackson.databind.exc.InvalidDefinitionException: Conflicting getter definitions for property "name": com.invex.rest.bnpl.entity.Employee#getname() vs com.invex.rest.bnpl.entity.Employee#getName()
2026-05-22T01:33:52.599-06:00  WARN 146548 --- [invex.bnpl] [http-nio-8080-exec-4] .c.j.MappingJackson2HttpMessageConverter : Failed to evaluate Jackson deserialization for type [[simple type, class com.invex.rest.bnpl.entity.Employee]]: com.fasterxml.jackson.databind.exc.InvalidDefinitionException: Conflicting getter definitions for property "name": com.invex.rest.bnpl.entity.Employee#getname() vs com.invex.rest.bnpl.entity.Employee#getName()
2026-05-22T01:33:52.600-06:00  WARN 146548 --- [invex.bnpl] [http-nio-8080-exec-4] .w.s.m.s.DefaultHandlerExceptionResolver : Resolved [org.springframework.web.HttpMediaTypeNotSupportedException: Content-Type 'application/json;charset=UTF-8' is not supported]
2026-05-22T01:34:29.659-06:00  WARN 146548 --- [invex.bnpl] [http-nio-8080-exec-3] .c.j.MappingJackson2HttpMessageConverter : Failed to evaluate Jackson deserialization for type [[simple type, class com.invex.rest.bnpl.entity.Employee]]: com.fasterxml.jackson.databind.exc.InvalidDefinitionException: Conflicting getter definitions for property "name": com.invex.rest.bnpl.entity.Employee#getname() vs com.invex.rest.bnpl.entity.Employee#getName()
2026-05-22T01:34:29.662-06:00  WARN 146548 --- [invex.bnpl] [http-nio-8080-exec-3] .c.j.MappingJackson2HttpMessageConverter : Failed to evaluate Jackson deserialization for type [[simple type, class com.invex.rest.bnpl.entity.Employee]]: com.fasterxml.jackson.databind.exc.InvalidDefinitionException: Conflicting getter definitions for property "name": com.invex.rest.bnpl.entity.Employee#getname() vs com.invex.rest.bnpl.entity.Employee#getName()
2026-05-22T01:34:29.662-06:00  WARN 146548 --- [invex.bnpl] [http-nio-8080-exec-3] .w.s.m.s.DefaultHandlerExceptionResolver : Resolved [org.springframework.web.HttpMediaTypeNotSupportedException: Content-Type 'application/json;charset=UTF-8' is not supported]
2026-05-22T01:38:02.592-06:00  WARN 146548 --- [invex.bnpl] [http-nio-8080-exec-8] .w.s.m.s.DefaultHandlerExceptionResolver : Resolved [org.springframework.web.HttpMediaTypeNotSupportedException: Content-Type 'text/plain;charset=UTF-8' is not supported]
2026-05-22T01:38:06.147-06:00  WARN 146548 --- [invex.bnpl] [http-nio-8080-exec-9] .c.j.MappingJackson2HttpMessageConverter : Failed to evaluate Jackson deserialization for type [[simple type, class com.invex.rest.bnpl.entity.Employee]]: com.fasterxml.jackson.databind.exc.InvalidDefinitionException: Conflicting getter definitions for property "name": com.invex.rest.bnpl.entity.Employee#getname() vs com.invex.rest.bnpl.entity.Employee#getName()
2026-05-22T01:38:06.149-06:00  WARN 146548 --- [invex.bnpl] [http-nio-8080-exec-9] .c.j.MappingJackson2HttpMessageConverter : Failed to evaluate Jackson deserialization for type [[simple type, class com.invex.rest.bnpl.entity.Employee]]: com.fasterxml.jackson.databind.exc.InvalidDefinitionException: Conflicting getter definitions for property "name": com.invex.rest.bnpl.entity.Employee#getname() vs com.invex.rest.bnpl.entity.Employee#getName()
2026-05-22T01:38:06.150-06:00  WARN 146548 --- [invex.bnpl] [http-nio-8080-exec-9] .w.s.m.s.DefaultHandlerExceptionResolver : Resolved [org.springframework.web.HttpMediaTypeNotSupportedException: Content-Type 'application/json;charset=UTF-8' is not supported]
2026-05-22T01:42:18.095-06:00  WARN 146548 --- [invex.bnpl] [http-nio-8080-exec-1] .c.j.MappingJackson2HttpMessageConverter : Failed to evaluate Jackson deserialization for type [[simple type, class com.invex.rest.bnpl.entity.Employee]]: com.fasterxml.jackson.databind.exc.InvalidDefinitionException: Conflicting getter definitions for property "name": com.invex.rest.bnpl.entity.Employee#getname() vs com.invex.rest.bnpl.entity.Employee#getName()
2026-05-22T01:42:18.096-06:00  WARN 146548 --- [invex.bnpl] [http-nio-8080-exec-1] .c.j.MappingJackson2HttpMessageConverter : Failed to evaluate Jackson deserialization for type [[simple type, class com.invex.rest.bnpl.entity.Employee]]: com.fasterxml.jackson.databind.exc.InvalidDefinitionException: Conflicting getter definitions for property "name": com.invex.rest.bnpl.entity.Employee#getname() vs com.invex.rest.bnpl.entity.Employee#getName()
2026-05-22T01:42:18.097-06:00  WARN 146548 --- [invex.bnpl] [http-nio-8080-exec-1] .w.s.m.s.DefaultHandlerExceptionResolver : Resolved [org.springframework.web.HttpMediaTypeNotSupportedException: Content-Type 'application/json;charset=UTF-8' is not supported]
2026-05-22T01:46:21.467-06:00  WARN 146548 --- [invex.bnpl] [http-nio-8080-exec-3] .c.j.MappingJackson2HttpMessageConverter : Failed to evaluate Jackson deserialization for type [[simple type, class com.invex.rest.bnpl.entity.Employee]]: com.fasterxml.jackson.databind.exc.InvalidDefinitionException: Conflicting getter definitions for property "name": com.invex.rest.bnpl.entity.Employee#getname() vs com.invex.rest.bnpl.entity.Employee#getName()
2026-05-22T01:46:21.468-06:00  WARN 146548 --- [invex.bnpl] [http-nio-8080-exec-3] .c.j.MappingJackson2HttpMessageConverter : Failed to evaluate Jackson deserialization for type [[simple type, class com.invex.rest.bnpl.entity.Employee]]: com.fasterxml.jackson.databind.exc.InvalidDefinitionException: Conflicting getter definitions for property "name": com.invex.rest.bnpl.entity.Employee#getname() vs com.invex.rest.bnpl.entity.Employee#getName()
2026-05-22T01:46:21.469-06:00  WARN 146548 --- [invex.bnpl] [http-nio-8080-exec-3] .w.s.m.s.DefaultHandlerExceptionResolver : Resolved [org.springframework.web.HttpMediaTypeNotSupportedException: Content-Type 'application/json;charset=UTF-8' is not supported]
2026-05-22T01:49:42.146-06:00  WARN 146548 --- [invex.bnpl] [http-nio-8080-exec-8] .c.j.MappingJackson2HttpMessageConverter : Failed to evaluate Jackson deserialization for type [[simple type, class com.invex.rest.bnpl.entity.Employee]]: com.fasterxml.jackson.databind.exc.InvalidDefinitionException: Conflicting getter definitions for property "name": com.invex.rest.bnpl.entity.Employee#getname() vs com.invex.rest.bnpl.entity.Employee#getName()
2026-05-22T01:49:42.147-06:00  WARN 146548 --- [invex.bnpl] [http-nio-8080-exec-8] .c.j.MappingJackson2HttpMessageConverter : Failed to evaluate Jackson deserialization for type [[simple type, class com.invex.rest.bnpl.entity.Employee]]: com.fasterxml.jackson.databind.exc.InvalidDefinitionException: Conflicting getter definitions for property "name": com.invex.rest.bnpl.entity.Employee#getname() vs com.invex.rest.bnpl.entity.Employee#getName()
2026-05-22T01:49:42.148-06:00  WARN 146548 --- [invex.bnpl] [http-nio-8080-exec-8] .w.s.m.s.DefaultHandlerExceptionResolver : Resolved [org.springframework.web.HttpMediaTypeNotSupportedException: Content-Type 'application/json;charset=UTF-8' is not supported]
2026-05-22T01:51:06.183-06:00  WARN 146548 --- [invex.bnpl] [http-nio-8080-exec-10] .w.s.m.s.DefaultHandlerExceptionResolver : Resolved [org.springframework.web.HttpMediaTypeNotSupportedException: Content-Type 'text/plain;charset=UTF-8' is not supported]
2026-05-22T01:51:12.451-06:00  WARN 146548 --- [invex.bnpl] [http-nio-8080-exec-1] .c.j.MappingJackson2HttpMessageConverter : Failed to evaluate Jackson deserialization for type [[simple type, class com.invex.rest.bnpl.entity.Employee]]: com.fasterxml.jackson.databind.exc.InvalidDefinitionException: Conflicting getter definitions for property "name": com.invex.rest.bnpl.entity.Employee#getname() vs com.invex.rest.bnpl.entity.Employee#getName()
2026-05-22T01:51:12.452-06:00  WARN 146548 --- [invex.bnpl] [http-nio-8080-exec-1] .c.j.MappingJackson2HttpMessageConverter : Failed to evaluate Jackson deserialization for type [[simple type, class com.invex.rest.bnpl.entity.Employee]]: com.fasterxml.jackson.databind.exc.InvalidDefinitionException: Conflicting getter definitions for property "name": com.invex.rest.bnpl.entity.Employee#getname() vs com.invex.rest.bnpl.entity.Employee#getName()
2026-05-22T01:51:12.453-06:00  WARN 146548 --- [invex.bnpl] [http-nio-8080-exec-1] .w.s.m.s.DefaultHandlerExceptionResolver : Resolved [org.springframework.web.HttpMediaTypeNotSupportedException: Content-Type 'application/json;charset=UTF-8' is not supported]
2026-05-22T01:57:33.649-06:00  INFO 148964 --- [invex.bnpl] [main] com.invex.rest.bnpl.Application          : Starting Application using Java 21.0.6 with PID 148964 (C:\Desarrollos\credito.bnpl.repo-main\target\classes started by djacl in C:\Desarrollos\credito.bnpl.repo-main)
2026-05-22T01:57:33.651-06:00  INFO 148964 --- [invex.bnpl] [main] com.invex.rest.bnpl.Application          : No active profile set, falling back to 1 default profile: "default"
2026-05-22T01:57:34.262-06:00  INFO 148964 --- [invex.bnpl] [main] .s.d.r.c.RepositoryConfigurationDelegate : Bootstrapping Spring Data JPA repositories in DEFAULT mode.
2026-05-22T01:57:34.322-06:00  INFO 148964 --- [invex.bnpl] [main] .s.d.r.c.RepositoryConfigurationDelegate : Finished Spring Data repository scanning in 46 ms. Found 1 JPA repository interface.
2026-05-22T01:57:34.842-06:00  INFO 148964 --- [invex.bnpl] [main] o.s.b.w.embedded.tomcat.TomcatWebServer  : Tomcat initialized with port 8080 (http)
2026-05-22T01:57:34.855-06:00  INFO 148964 --- [invex.bnpl] [main] o.apache.catalina.core.StandardService   : Starting service [Tomcat]
2026-05-22T01:57:34.855-06:00  INFO 148964 --- [invex.bnpl] [main] o.apache.catalina.core.StandardEngine    : Starting Servlet engine: [Apache Tomcat/10.1.25]
2026-05-22T01:57:34.911-06:00  INFO 148964 --- [invex.bnpl] [main] o.a.c.c.C.[Tomcat].[localhost].[/]       : Initializing Spring embedded WebApplicationContext
2026-05-22T01:57:34.911-06:00  INFO 148964 --- [invex.bnpl] [main] w.s.c.ServletWebServerApplicationContext : Root WebApplicationContext: initialization completed in 1214 ms
2026-05-22T01:57:35.067-06:00  INFO 148964 --- [invex.bnpl] [main] o.hibernate.jpa.internal.util.LogHelper  : HHH000204: Processing PersistenceUnitInfo [name: default]
2026-05-22T01:57:35.121-06:00  INFO 148964 --- [invex.bnpl] [main] org.hibernate.Version                    : HHH000412: Hibernate ORM core version 6.5.2.Final
2026-05-22T01:57:35.147-06:00  INFO 148964 --- [invex.bnpl] [main] o.h.c.internal.RegionFactoryInitiator    : HHH000026: Second-level cache disabled
2026-05-22T01:57:35.379-06:00  INFO 148964 --- [invex.bnpl] [main] o.s.o.j.p.SpringPersistenceUnitInfo      : No LoadTimeWeaver setup: ignoring JPA class transformer
2026-05-22T01:57:35.404-06:00  INFO 148964 --- [invex.bnpl] [main] com.zaxxer.hikari.HikariDataSource       : HikariPool-1 - Starting...
2026-05-22T01:57:35.609-06:00  INFO 148964 --- [invex.bnpl] [main] com.zaxxer.hikari.pool.HikariPool        : HikariPool-1 - Added connection conn0: url=jdbc:h2:file:/data/demo user=SA
2026-05-22T01:57:35.611-06:00  INFO 148964 --- [invex.bnpl] [main] com.zaxxer.hikari.HikariDataSource       : HikariPool-1 - Start completed.
2026-05-22T01:57:35.631-06:00  WARN 148964 --- [invex.bnpl] [main] org.hibernate.orm.deprecation            : HHH90000025: H2Dialect does not need to be specified explicitly using 'hibernate.dialect' (remove the property setting and it will be selected by default)
2026-05-22T01:57:36.226-06:00  INFO 148964 --- [invex.bnpl] [main] o.h.e.t.j.p.i.JtaPlatformInitiator       : HHH000489: No JTA platform available (set 'hibernate.transaction.jta.platform' to enable JTA platform integration)
2026-05-22T01:57:36.259-06:00  INFO 148964 --- [invex.bnpl] [main] j.LocalContainerEntityManagerFactoryBean : Initialized JPA EntityManagerFactory for persistence unit 'default'
2026-05-22T01:57:36.543-06:00  WARN 148964 --- [invex.bnpl] [main] JpaBaseConfiguration$JpaWebConfiguration : spring.jpa.open-in-view is enabled by default. Therefore, database queries may be performed during view rendering. Explicitly configure spring.jpa.open-in-view to disable this warning
2026-05-22T01:57:36.899-06:00  INFO 148964 --- [invex.bnpl] [main] o.s.b.w.embedded.tomcat.TomcatWebServer  : Tomcat started on port 8080 (http) with context path '/'
2026-05-22T01:57:36.907-06:00  INFO 148964 --- [invex.bnpl] [main] com.invex.rest.bnpl.Application          : Started Application in 3.62 seconds (process running for 3.929)
2026-05-22T01:57:41.183-06:00  INFO 148964 --- [invex.bnpl] [http-nio-8080-exec-2] o.a.c.c.C.[Tomcat].[localhost].[/]       : Initializing Spring DispatcherServlet 'dispatcherServlet'
2026-05-22T01:57:41.183-06:00  INFO 148964 --- [invex.bnpl] [http-nio-8080-exec-2] o.s.web.servlet.DispatcherServlet        : Initializing Servlet 'dispatcherServlet'
2026-05-22T01:57:41.185-06:00  INFO 148964 --- [invex.bnpl] [http-nio-8080-exec-2] o.s.web.servlet.DispatcherServlet        : Completed initialization in 2 ms
2026-05-22T01:57:41.324-06:00  WARN 148964 --- [invex.bnpl] [http-nio-8080-exec-2] .w.s.m.s.DefaultHandlerExceptionResolver : Resolved [org.springframework.http.converter.HttpMessageNotReadableException: JSON parse error: Cannot deserialize value of type `java.util.Date` from String "01-01-2000": not a valid representation (error: Failed to parse Date value '01-01-2000': Cannot parse date "01-01-2000": not compatible with any of standard forms ("yyyy-MM-dd'T'HH:mm:ss.SSSX", "yyyy-MM-dd'T'HH:mm:ss.SSS", "EEE, dd MMM yyyy HH:mm:ss zzz", "yyyy-MM-dd"))]
2026-05-22T10:34:16.358-06:00  INFO 152652 --- [invex.bnpl] [main] com.invex.rest.bnpl.Application          : Starting Application using Java 21.0.6 with PID 152652 (C:\Desarrollos\credito.bnpl.repo-main\target\classes started by djacl in C:\Desarrollos\credito.bnpl.repo-main)
2026-05-22T10:34:16.361-06:00  INFO 152652 --- [invex.bnpl] [main] com.invex.rest.bnpl.Application          : No active profile set, falling back to 1 default profile: "default"
2026-05-22T10:34:16.948-06:00  INFO 152652 --- [invex.bnpl] [main] .s.d.r.c.RepositoryConfigurationDelegate : Bootstrapping Spring Data JPA repositories in DEFAULT mode.
2026-05-22T10:34:17.016-06:00  INFO 152652 --- [invex.bnpl] [main] .s.d.r.c.RepositoryConfigurationDelegate : Finished Spring Data repository scanning in 49 ms. Found 1 JPA repository interface.
2026-05-22T10:34:17.550-06:00  INFO 152652 --- [invex.bnpl] [main] o.s.b.w.embedded.tomcat.TomcatWebServer  : Tomcat initialized with port 8080 (http)
2026-05-22T10:34:17.562-06:00  INFO 152652 --- [invex.bnpl] [main] o.apache.catalina.core.StandardService   : Starting service [Tomcat]
2026-05-22T10:34:17.562-06:00  INFO 152652 --- [invex.bnpl] [main] o.apache.catalina.core.StandardEngine    : Starting Servlet engine: [Apache Tomcat/10.1.25]
2026-05-22T10:34:17.615-06:00  INFO 152652 --- [invex.bnpl] [main] o.a.c.c.C.[Tomcat].[localhost].[/]       : Initializing Spring embedded WebApplicationContext
2026-05-22T10:34:17.616-06:00  INFO 152652 --- [invex.bnpl] [main] w.s.c.ServletWebServerApplicationContext : Root WebApplicationContext: initialization completed in 1213 ms
2026-05-22T10:34:17.779-06:00  INFO 152652 --- [invex.bnpl] [main] o.hibernate.jpa.internal.util.LogHelper  : HHH000204: Processing PersistenceUnitInfo [name: default]
2026-05-22T10:34:17.833-06:00  INFO 152652 --- [invex.bnpl] [main] org.hibernate.Version                    : HHH000412: Hibernate ORM core version 6.5.2.Final
2026-05-22T10:34:17.855-06:00  INFO 152652 --- [invex.bnpl] [main] o.h.c.internal.RegionFactoryInitiator    : HHH000026: Second-level cache disabled
2026-05-22T10:34:18.095-06:00  INFO 152652 --- [invex.bnpl] [main] o.s.o.j.p.SpringPersistenceUnitInfo      : No LoadTimeWeaver setup: ignoring JPA class transformer
2026-05-22T10:34:18.117-06:00  INFO 152652 --- [invex.bnpl] [main] com.zaxxer.hikari.HikariDataSource       : HikariPool-1 - Starting...
2026-05-22T10:34:19.224-06:00  WARN 152652 --- [invex.bnpl] [main] o.h.e.j.e.i.JdbcEnvironmentInitiator     : HHH000342: Could not obtain connection to query metadata

java.lang.NullPointerException: Cannot invoke "org.hibernate.engine.jdbc.spi.SqlExceptionHelper.convert(java.sql.SQLException, String)" because the return value of "org.hibernate.resource.transaction.backend.jdbc.internal.JdbcIsolationDelegate.sqlExceptionHelper()" is null
	at org.hibernate.resource.transaction.backend.jdbc.internal.JdbcIsolationDelegate.delegateWork(JdbcIsolationDelegate.java:116) ~[hibernate-core-6.5.2.Final.jar:6.5.2.Final]
	at org.hibernate.engine.jdbc.env.internal.JdbcEnvironmentInitiator.getJdbcEnvironmentUsingJdbcMetadata(JdbcEnvironmentInitiator.java:290) ~[hibernate-core-6.5.2.Final.jar:6.5.2.Final]
	at org.hibernate.engine.jdbc.env.internal.JdbcEnvironmentInitiator.initiateService(JdbcEnvironmentInitiator.java:123) ~[hibernate-core-6.5.2.Final.jar:6.5.2.Final]
	at org.hibernate.engine.jdbc.env.internal.JdbcEnvironmentInitiator.initiateService(JdbcEnvironmentInitiator.java:77) ~[hibernate-core-6.5.2.Final.jar:6.5.2.Final]
	at org.hibernate.boot.registry.internal.StandardServiceRegistryImpl.initiateService(StandardServiceRegistryImpl.java:130) ~[hibernate-core-6.5.2.Final.jar:6.5.2.Final]
	at org.hibernate.service.internal.AbstractServiceRegistryImpl.createService(AbstractServiceRegistryImpl.java:263) ~[hibernate-core-6.5.2.Final.jar:6.5.2.Final]
	at org.hibernate.service.internal.AbstractServiceRegistryImpl.initializeService(AbstractServiceRegistryImpl.java:238) ~[hibernate-core-6.5.2.Final.jar:6.5.2.Final]
	at org.hibernate.service.internal.AbstractServiceRegistryImpl.getService(AbstractServiceRegistryImpl.java:215) ~[hibernate-core-6.5.2.Final.jar:6.5.2.Final]
	at org.hibernate.boot.model.relational.Database.<init>(Database.java:45) ~[hibernate-core-6.5.2.Final.jar:6.5.2.Final]
	at org.hibernate.boot.internal.InFlightMetadataCollectorImpl.getDatabase(InFlightMetadataCollectorImpl.java:221) ~[hibernate-core-6.5.2.Final.jar:6.5.2.Final]
	at org.hibernate.boot.internal.InFlightMetadataCollectorImpl.<init>(InFlightMetadataCollectorImpl.java:189) ~[hibernate-core-6.5.2.Final.jar:6.5.2.Final]
	at org.hibernate.boot.model.process.spi.MetadataBuildingProcess.complete(MetadataBuildingProcess.java:171) ~[hibernate-core-6.5.2.Final.jar:6.5.2.Final]
	at org.hibernate.jpa.boot.internal.EntityManagerFactoryBuilderImpl.metadata(EntityManagerFactoryBuilderImpl.java:1431) ~[hibernate-core-6.5.2.Final.jar:6.5.2.Final]
	at org.hibernate.jpa.boot.internal.EntityManagerFactoryBuilderImpl.build(EntityManagerFactoryBuilderImpl.java:1502) ~[hibernate-core-6.5.2.Final.jar:6.5.2.Final]
	at org.springframework.orm.jpa.vendor.SpringHibernateJpaPersistenceProvider.createContainerEntityManagerFactory(SpringHibernateJpaPersistenceProvider.java:75) ~[spring-orm-6.1.10.jar:6.1.10]
	at org.springframework.orm.jpa.LocalContainerEntityManagerFactoryBean.createNativeEntityManagerFactory(LocalContainerEntityManagerFactoryBean.java:390) ~[spring-orm-6.1.10.jar:6.1.10]
	at org.springframework.orm.jpa.AbstractEntityManagerFactoryBean.buildNativeEntityManagerFactory(AbstractEntityManagerFactoryBean.java:409) ~[spring-orm-6.1.10.jar:6.1.10]
	at org.springframework.orm.jpa.AbstractEntityManagerFactoryBean.afterPropertiesSet(AbstractEntityManagerFactoryBean.java:396) ~[spring-orm-6.1.10.jar:6.1.10]
	at org.springframework.orm.jpa.LocalContainerEntityManagerFactoryBean.afterPropertiesSet(LocalContainerEntityManagerFactoryBean.java:366) ~[spring-orm-6.1.10.jar:6.1.10]
	at org.springframework.beans.factory.support.AbstractAutowireCapableBeanFactory.invokeInitMethods(AbstractAutowireCapableBeanFactory.java:1835) ~[spring-beans-6.1.10.jar:6.1.10]
	at org.springframework.beans.factory.support.AbstractAutowireCapableBeanFactory.initializeBean(AbstractAutowireCapableBeanFactory.java:1784) ~[spring-beans-6.1.10.jar:6.1.10]
	at org.springframework.beans.factory.support.AbstractAutowireCapableBeanFactory.doCreateBean(AbstractAutowireCapableBeanFactory.java:600) ~[spring-beans-6.1.10.jar:6.1.10]
	at org.springframework.beans.factory.support.AbstractAutowireCapableBeanFactory.createBean(AbstractAutowireCapableBeanFactory.java:522) ~[spring-beans-6.1.10.jar:6.1.10]
	at org.springframework.beans.factory.support.AbstractBeanFactory.lambda$doGetBean$0(AbstractBeanFactory.java:337) ~[spring-beans-6.1.10.jar:6.1.10]
	at org.springframework.beans.factory.support.DefaultSingletonBeanRegistry.getSingleton(DefaultSingletonBeanRegistry.java:234) ~[spring-beans-6.1.10.jar:6.1.10]
	at org.springframework.beans.factory.support.AbstractBeanFactory.doGetBean(AbstractBeanFactory.java:335) ~[spring-beans-6.1.10.jar:6.1.10]
	at org.springframework.beans.factory.support.AbstractBeanFactory.getBean(AbstractBeanFactory.java:205) ~[spring-beans-6.1.10.jar:6.1.10]
	at org.springframework.context.support.AbstractApplicationContext.finishBeanFactoryInitialization(AbstractApplicationContext.java:952) ~[spring-context-6.1.10.jar:6.1.10]
	at org.springframework.context.support.AbstractApplicationContext.refresh(AbstractApplicationContext.java:624) ~[spring-context-6.1.10.jar:6.1.10]
	at org.springframework.boot.web.servlet.context.ServletWebServerApplicationContext.refresh(ServletWebServerApplicationContext.java:146) ~[spring-boot-3.3.1-SNAPSHOT.jar:3.3.1-SNAPSHOT]
	at org.springframework.boot.SpringApplication.refresh(SpringApplication.java:754) ~[spring-boot-3.3.1-SNAPSHOT.jar:3.3.1-SNAPSHOT]
	at org.springframework.boot.SpringApplication.refreshContext(SpringApplication.java:456) ~[spring-boot-3.3.1-SNAPSHOT.jar:3.3.1-SNAPSHOT]
	at org.springframework.boot.SpringApplication.run(SpringApplication.java:335) ~[spring-boot-3.3.1-SNAPSHOT.jar:3.3.1-SNAPSHOT]
	at org.springframework.boot.SpringApplication.run(SpringApplication.java:1363) ~[spring-boot-3.3.1-SNAPSHOT.jar:3.3.1-SNAPSHOT]
	at org.springframework.boot.SpringApplication.run(SpringApplication.java:1352) ~[spring-boot-3.3.1-SNAPSHOT.jar:3.3.1-SNAPSHOT]
	at com.invex.rest.bnpl.Application.main(Application.java:12) ~[classes/:na]

2026-05-22T10:34:19.238-06:00  WARN 152652 --- [invex.bnpl] [main] org.hibernate.orm.deprecation            : HHH90000025: H2Dialect does not need to be specified explicitly using 'hibernate.dialect' (remove the property setting and it will be selected by default)
2026-05-22T10:34:19.933-06:00  INFO 152652 --- [invex.bnpl] [main] o.h.e.t.j.p.i.JtaPlatformInitiator       : HHH000489: No JTA platform available (set 'hibernate.transaction.jta.platform' to enable JTA platform integration)
2026-05-22T10:34:19.946-06:00  INFO 152652 --- [invex.bnpl] [main] com.zaxxer.hikari.HikariDataSource       : HikariPool-1 - Starting...
2026-05-22T10:34:20.962-06:00  WARN 152652 --- [invex.bnpl] [main] o.h.engine.jdbc.spi.SqlExceptionHelper   : SQL Error: 90020, SQLState: 90020
2026-05-22T10:34:20.963-06:00 ERROR 152652 --- [invex.bnpl] [main] o.h.engine.jdbc.spi.SqlExceptionHelper   : La base de datos puede que ya esté siendo utilizada: "C:/data/demo.mv.db". Soluciones Posibles: cierre todas las otras conexiones; use el modo server
Database may be already in use: "C:/data/demo.mv.db". Possible solutions: close all other connection(s); use the server mode [90020-224]
2026-05-22T10:34:20.970-06:00 ERROR 152652 --- [invex.bnpl] [main] j.LocalContainerEntityManagerFactoryBean : Failed to initialize JPA EntityManagerFactory: [PersistenceUnit: default] Unable to build Hibernate SessionFactory; nested exception is org.hibernate.exception.JDBCConnectionException: Unable to open JDBC Connection for DDL execution [La base de datos puede que ya esté siendo utilizada: "C:/data/demo.mv.db". Soluciones Posibles: cierre todas las otras conexiones; use el modo server
Database may be already in use: "C:/data/demo.mv.db". Possible solutions: close all other connection(s); use the server mode [90020-224]] [n/a]
2026-05-22T10:34:20.970-06:00  WARN 152652 --- [invex.bnpl] [main] ConfigServletWebServerApplicationContext : Exception encountered during context initialization - cancelling refresh attempt: org.springframework.beans.factory.BeanCreationException: Error creating bean with name 'entityManagerFactory' defined in class path resource [org/springframework/boot/autoconfigure/orm/jpa/HibernateJpaConfiguration.class]: [PersistenceUnit: default] Unable to build Hibernate SessionFactory; nested exception is org.hibernate.exception.JDBCConnectionException: Unable to open JDBC Connection for DDL execution [La base de datos puede que ya esté siendo utilizada: "C:/data/demo.mv.db". Soluciones Posibles: cierre todas las otras conexiones; use el modo server
Database may be already in use: "C:/data/demo.mv.db". Possible solutions: close all other connection(s); use the server mode [90020-224]] [n/a]
2026-05-22T10:34:20.972-06:00  INFO 152652 --- [invex.bnpl] [main] o.apache.catalina.core.StandardService   : Stopping service [Tomcat]
2026-05-22T10:34:20.985-06:00  INFO 152652 --- [invex.bnpl] [main] .s.b.a.l.ConditionEvaluationReportLogger : 

Error starting ApplicationContext. To display the condition evaluation report re-run your application with 'debug' enabled.
2026-05-22T10:34:21.009-06:00 ERROR 152652 --- [invex.bnpl] [main] o.s.boot.SpringApplication               : Application run failed

org.springframework.beans.factory.BeanCreationException: Error creating bean with name 'entityManagerFactory' defined in class path resource [org/springframework/boot/autoconfigure/orm/jpa/HibernateJpaConfiguration.class]: [PersistenceUnit: default] Unable to build Hibernate SessionFactory; nested exception is org.hibernate.exception.JDBCConnectionException: Unable to open JDBC Connection for DDL execution [La base de datos puede que ya esté siendo utilizada: "C:/data/demo.mv.db". Soluciones Posibles: cierre todas las otras conexiones; use el modo server
Database may be already in use: "C:/data/demo.mv.db". Possible solutions: close all other connection(s); use the server mode [90020-224]] [n/a]
	at org.springframework.beans.factory.support.AbstractAutowireCapableBeanFactory.initializeBean(AbstractAutowireCapableBeanFactory.java:1788) ~[spring-beans-6.1.10.jar:6.1.10]
	at org.springframework.beans.factory.support.AbstractAutowireCapableBeanFactory.doCreateBean(AbstractAutowireCapableBeanFactory.java:600) ~[spring-beans-6.1.10.jar:6.1.10]
	at org.springframework.beans.factory.support.AbstractAutowireCapableBeanFactory.createBean(AbstractAutowireCapableBeanFactory.java:522) ~[spring-beans-6.1.10.jar:6.1.10]
	at org.springframework.beans.factory.support.AbstractBeanFactory.lambda$doGetBean$0(AbstractBeanFactory.java:337) ~[spring-beans-6.1.10.jar:6.1.10]
	at org.springframework.beans.factory.support.DefaultSingletonBeanRegistry.getSingleton(DefaultSingletonBeanRegistry.java:234) ~[spring-beans-6.1.10.jar:6.1.10]
	at org.springframework.beans.factory.support.AbstractBeanFactory.doGetBean(AbstractBeanFactory.java:335) ~[spring-beans-6.1.10.jar:6.1.10]
	at org.springframework.beans.factory.support.AbstractBeanFactory.getBean(AbstractBeanFactory.java:205) ~[spring-beans-6.1.10.jar:6.1.10]
	at org.springframework.context.support.AbstractApplicationContext.finishBeanFactoryInitialization(AbstractApplicationContext.java:952) ~[spring-context-6.1.10.jar:6.1.10]
	at org.springframework.context.support.AbstractApplicationContext.refresh(AbstractApplicationContext.java:624) ~[spring-context-6.1.10.jar:6.1.10]
	at org.springframework.boot.web.servlet.context.ServletWebServerApplicationContext.refresh(ServletWebServerApplicationContext.java:146) ~[spring-boot-3.3.1-SNAPSHOT.jar:3.3.1-SNAPSHOT]
	at org.springframework.boot.SpringApplication.refresh(SpringApplication.java:754) ~[spring-boot-3.3.1-SNAPSHOT.jar:3.3.1-SNAPSHOT]
	at org.springframework.boot.SpringApplication.refreshContext(SpringApplication.java:456) ~[spring-boot-3.3.1-SNAPSHOT.jar:3.3.1-SNAPSHOT]
	at org.springframework.boot.SpringApplication.run(SpringApplication.java:335) ~[spring-boot-3.3.1-SNAPSHOT.jar:3.3.1-SNAPSHOT]
	at org.springframework.boot.SpringApplication.run(SpringApplication.java:1363) ~[spring-boot-3.3.1-SNAPSHOT.jar:3.3.1-SNAPSHOT]
	at org.springframework.boot.SpringApplication.run(SpringApplication.java:1352) ~[spring-boot-3.3.1-SNAPSHOT.jar:3.3.1-SNAPSHOT]
	at com.invex.rest.bnpl.Application.main(Application.java:12) ~[classes/:na]
Caused by: jakarta.persistence.PersistenceException: [PersistenceUnit: default] Unable to build Hibernate SessionFactory; nested exception is org.hibernate.exception.JDBCConnectionException: Unable to open JDBC Connection for DDL execution [La base de datos puede que ya esté siendo utilizada: "C:/data/demo.mv.db". Soluciones Posibles: cierre todas las otras conexiones; use el modo server
Database may be already in use: "C:/data/demo.mv.db". Possible solutions: close all other connection(s); use the server mode [90020-224]] [n/a]
	at org.springframework.orm.jpa.AbstractEntityManagerFactoryBean.buildNativeEntityManagerFactory(AbstractEntityManagerFactoryBean.java:421) ~[spring-orm-6.1.10.jar:6.1.10]
	at org.springframework.orm.jpa.AbstractEntityManagerFactoryBean.afterPropertiesSet(AbstractEntityManagerFactoryBean.java:396) ~[spring-orm-6.1.10.jar:6.1.10]
	at org.springframework.orm.jpa.LocalContainerEntityManagerFactoryBean.afterPropertiesSet(LocalContainerEntityManagerFactoryBean.java:366) ~[spring-orm-6.1.10.jar:6.1.10]
	at org.springframework.beans.factory.support.AbstractAutowireCapableBeanFactory.invokeInitMethods(AbstractAutowireCapableBeanFactory.java:1835) ~[spring-beans-6.1.10.jar:6.1.10]
	at org.springframework.beans.factory.support.AbstractAutowireCapableBeanFactory.initializeBean(AbstractAutowireCapableBeanFactory.java:1784) ~[spring-beans-6.1.10.jar:6.1.10]
	... 15 common frames omitted
Caused by: org.hibernate.exception.JDBCConnectionException: Unable to open JDBC Connection for DDL execution [La base de datos puede que ya esté siendo utilizada: "C:/data/demo.mv.db". Soluciones Posibles: cierre todas las otras conexiones; use el modo server
Database may be already in use: "C:/data/demo.mv.db". Possible solutions: close all other connection(s); use the server mode [90020-224]] [n/a]
	at org.hibernate.exception.internal.SQLExceptionTypeDelegate.convert(SQLExceptionTypeDelegate.java:51) ~[hibernate-core-6.5.2.Final.jar:6.5.2.Final]
	at org.hibernate.exception.internal.StandardSQLExceptionConverter.convert(StandardSQLExceptionConverter.java:58) ~[hibernate-core-6.5.2.Final.jar:6.5.2.Final]
	at org.hibernate.engine.jdbc.spi.SqlExceptionHelper.convert(SqlExceptionHelper.java:108) ~[hibernate-core-6.5.2.Final.jar:6.5.2.Final]
	at org.hibernate.engine.jdbc.spi.SqlExceptionHelper.convert(SqlExceptionHelper.java:94) ~[hibernate-core-6.5.2.Final.jar:6.5.2.Final]
	at org.hibernate.resource.transaction.backend.jdbc.internal.DdlTransactionIsolatorNonJtaImpl.getIsolatedConnection(DdlTransactionIsolatorNonJtaImpl.java:74) ~[hibernate-core-6.5.2.Final.jar:6.5.2.Final]
	at org.hibernate.resource.transaction.backend.jdbc.internal.DdlTransactionIsolatorNonJtaImpl.getIsolatedConnection(DdlTransactionIsolatorNonJtaImpl.java:39) ~[hibernate-core-6.5.2.Final.jar:6.5.2.Final]
	at org.hibernate.tool.schema.internal.exec.ImprovedExtractionContextImpl.getJdbcConnection(ImprovedExtractionContextImpl.java:63) ~[hibernate-core-6.5.2.Final.jar:6.5.2.Final]
	at org.hibernate.tool.schema.extract.spi.ExtractionContext.getQueryResults(ExtractionContext.java:43) ~[hibernate-core-6.5.2.Final.jar:6.5.2.Final]
	at org.hibernate.tool.schema.extract.internal.SequenceInformationExtractorLegacyImpl.extractMetadata(SequenceInformationExtractorLegacyImpl.java:39) ~[hibernate-core-6.5.2.Final.jar:6.5.2.Final]
	at org.hibernate.tool.schema.extract.internal.DatabaseInformationImpl.initializeSequences(DatabaseInformationImpl.java:66) ~[hibernate-core-6.5.2.Final.jar:6.5.2.Final]
	at org.hibernate.tool.schema.extract.internal.DatabaseInformationImpl.<init>(DatabaseInformationImpl.java:60) ~[hibernate-core-6.5.2.Final.jar:6.5.2.Final]
	at org.hibernate.tool.schema.internal.Helper.buildDatabaseInformation(Helper.java:185) ~[hibernate-core-6.5.2.Final.jar:6.5.2.Final]
	at org.hibernate.tool.schema.internal.AbstractSchemaMigrator.doMigration(AbstractSchemaMigrator.java:98) ~[hibernate-core-6.5.2.Final.jar:6.5.2.Final]
	at org.hibernate.tool.schema.spi.SchemaManagementToolCoordinator.performDatabaseAction(SchemaManagementToolCoordinator.java:280) ~[hibernate-core-6.5.2.Final.jar:6.5.2.Final]
	at org.hibernate.tool.schema.spi.SchemaManagementToolCoordinator.lambda$process$5(SchemaManagementToolCoordinator.java:144) ~[hibernate-core-6.5.2.Final.jar:6.5.2.Final]
	at java.base/java.util.HashMap.forEach(HashMap.java:1429) ~[na:na]
	at org.hibernate.tool.schema.spi.SchemaManagementToolCoordinator.process(SchemaManagementToolCoordinator.java:141) ~[hibernate-core-6.5.2.Final.jar:6.5.2.Final]
	at org.hibernate.boot.internal.SessionFactoryObserverForSchemaExport.sessionFactoryCreated(SessionFactoryObserverForSchemaExport.java:37) ~[hibernate-core-6.5.2.Final.jar:6.5.2.Final]
	at org.hibernate.internal.SessionFactoryObserverChain.sessionFactoryCreated(SessionFactoryObserverChain.java:35) ~[hibernate-core-6.5.2.Final.jar:6.5.2.Final]
	at org.hibernate.internal.SessionFactoryImpl.<init>(SessionFactoryImpl.java:322) ~[hibernate-core-6.5.2.Final.jar:6.5.2.Final]
	at org.hibernate.boot.internal.SessionFactoryBuilderImpl.build(SessionFactoryBuilderImpl.java:457) ~[hibernate-core-6.5.2.Final.jar:6.5.2.Final]
	at org.hibernate.jpa.boot.internal.EntityManagerFactoryBuilderImpl.build(EntityManagerFactoryBuilderImpl.java:1506) ~[hibernate-core-6.5.2.Final.jar:6.5.2.Final]
	at org.springframework.orm.jpa.vendor.SpringHibernateJpaPersistenceProvider.createContainerEntityManagerFactory(SpringHibernateJpaPersistenceProvider.java:75) ~[spring-orm-6.1.10.jar:6.1.10]
	at org.springframework.orm.jpa.LocalContainerEntityManagerFactoryBean.createNativeEntityManagerFactory(LocalContainerEntityManagerFactoryBean.java:390) ~[spring-orm-6.1.10.jar:6.1.10]
	at org.springframework.orm.jpa.AbstractEntityManagerFactoryBean.buildNativeEntityManagerFactory(AbstractEntityManagerFactoryBean.java:409) ~[spring-orm-6.1.10.jar:6.1.10]
	... 19 common frames omitted
Caused by: org.h2.jdbc.JdbcSQLNonTransientConnectionException: La base de datos puede que ya esté siendo utilizada: "C:/data/demo.mv.db". Soluciones Posibles: cierre todas las otras conexiones; use el modo server
Database may be already in use: "C:/data/demo.mv.db". Possible solutions: close all other connection(s); use the server mode [90020-224]
	at org.h2.message.DbException.getJdbcSQLException(DbException.java:690) ~[h2-2.2.224.jar:2.2.224]
	at org.h2.message.DbException.getJdbcSQLException(DbException.java:489) ~[h2-2.2.224.jar:2.2.224]
	at org.h2.message.DbException.get(DbException.java:212) ~[h2-2.2.224.jar:2.2.224]
	at org.h2.mvstore.db.Store.convertMVStoreException(Store.java:165) ~[h2-2.2.224.jar:2.2.224]
	at org.h2.mvstore.db.Store.<init>(Store.java:142) ~[h2-2.2.224.jar:2.2.224]
	at org.h2.engine.Database.<init>(Database.java:326) ~[h2-2.2.224.jar:2.2.224]
	at org.h2.engine.Engine.openSession(Engine.java:92) ~[h2-2.2.224.jar:2.2.224]
	at org.h2.engine.Engine.openSession(Engine.java:222) ~[h2-2.2.224.jar:2.2.224]
	at org.h2.engine.Engine.createSession(Engine.java:201) ~[h2-2.2.224.jar:2.2.224]
	at org.h2.engine.SessionRemote.connectEmbeddedOrServer(SessionRemote.java:343) ~[h2-2.2.224.jar:2.2.224]
	at org.h2.jdbc.JdbcConnection.<init>(JdbcConnection.java:125) ~[h2-2.2.224.jar:2.2.224]
	at org.h2.Driver.connect(Driver.java:59) ~[h2-2.2.224.jar:2.2.224]
	at com.zaxxer.hikari.util.DriverDataSource.getConnection(DriverDataSource.java:137) ~[HikariCP-5.1.0.jar:na]
	at com.zaxxer.hikari.pool.PoolBase.newConnection(PoolBase.java:360) ~[HikariCP-5.1.0.jar:na]
	at com.zaxxer.hikari.pool.PoolBase.newPoolEntry(PoolBase.java:202) ~[HikariCP-5.1.0.jar:na]
	at com.zaxxer.hikari.pool.HikariPool.createPoolEntry(HikariPool.java:461) ~[HikariCP-5.1.0.jar:na]
	at com.zaxxer.hikari.pool.HikariPool.checkFailFast(HikariPool.java:550) ~[HikariCP-5.1.0.jar:na]
	at com.zaxxer.hikari.pool.HikariPool.<init>(HikariPool.java:98) ~[HikariCP-5.1.0.jar:na]
	at com.zaxxer.hikari.HikariDataSource.getConnection(HikariDataSource.java:111) ~[HikariCP-5.1.0.jar:na]
	at org.hibernate.engine.jdbc.connections.internal.DatasourceConnectionProviderImpl.getConnection(DatasourceConnectionProviderImpl.java:122) ~[hibernate-core-6.5.2.Final.jar:6.5.2.Final]
	at org.hibernate.engine.jdbc.env.internal.JdbcEnvironmentInitiator$ConnectionProviderJdbcConnectionAccess.obtainConnection(JdbcEnvironmentInitiator.java:437) ~[hibernate-core-6.5.2.Final.jar:6.5.2.Final]
	at org.hibernate.resource.transaction.backend.jdbc.internal.DdlTransactionIsolatorNonJtaImpl.getIsolatedConnection(DdlTransactionIsolatorNonJtaImpl.java:46) ~[hibernate-core-6.5.2.Final.jar:6.5.2.Final]
	... 39 common frames omitted
Caused by: org.h2.mvstore.MVStoreException: The file is locked: C:/data/demo.mv.db [2.2.224/7]
	at org.h2.mvstore.DataUtils.newMVStoreException(DataUtils.java:996) ~[h2-2.2.224.jar:2.2.224]
	at org.h2.mvstore.SingleFileStore.lockFileChannel(SingleFileStore.java:143) ~[h2-2.2.224.jar:2.2.224]
	at org.h2.mvstore.SingleFileStore.open(SingleFileStore.java:117) ~[h2-2.2.224.jar:2.2.224]
	at org.h2.mvstore.SingleFileStore.open(SingleFileStore.java:81) ~[h2-2.2.224.jar:2.2.224]
	at org.h2.mvstore.MVStore.<init>(MVStore.java:286) ~[h2-2.2.224.jar:2.2.224]
	at org.h2.mvstore.MVStore$Builder.open(MVStore.java:2035) ~[h2-2.2.224.jar:2.2.224]
	at org.h2.mvstore.db.Store.<init>(Store.java:133) ~[h2-2.2.224.jar:2.2.224]
	... 56 common frames omitted

2026-05-22T10:34:34.304-06:00  INFO 151868 --- [invex.bnpl] [main] com.invex.rest.bnpl.Application          : Starting Application using Java 21.0.6 with PID 151868 (C:\Desarrollos\credito.bnpl.repo-main\target\classes started by djacl in C:\Desarrollos\credito.bnpl.repo-main)
2026-05-22T10:34:34.306-06:00  INFO 151868 --- [invex.bnpl] [main] com.invex.rest.bnpl.Application          : No active profile set, falling back to 1 default profile: "default"
2026-05-22T10:34:34.832-06:00  INFO 151868 --- [invex.bnpl] [main] .s.d.r.c.RepositoryConfigurationDelegate : Bootstrapping Spring Data JPA repositories in DEFAULT mode.
2026-05-22T10:34:34.899-06:00  INFO 151868 --- [invex.bnpl] [main] .s.d.r.c.RepositoryConfigurationDelegate : Finished Spring Data repository scanning in 59 ms. Found 1 JPA repository interface.
2026-05-22T10:34:35.420-06:00  INFO 151868 --- [invex.bnpl] [main] o.s.b.w.embedded.tomcat.TomcatWebServer  : Tomcat initialized with port 8080 (http)
2026-05-22T10:34:35.432-06:00  INFO 151868 --- [invex.bnpl] [main] o.apache.catalina.core.StandardService   : Starting service [Tomcat]
2026-05-22T10:34:35.432-06:00  INFO 151868 --- [invex.bnpl] [main] o.apache.catalina.core.StandardEngine    : Starting Servlet engine: [Apache Tomcat/10.1.25]
2026-05-22T10:34:35.481-06:00  INFO 151868 --- [invex.bnpl] [main] o.a.c.c.C.[Tomcat].[localhost].[/]       : Initializing Spring embedded WebApplicationContext
2026-05-22T10:34:35.482-06:00  INFO 151868 --- [invex.bnpl] [main] w.s.c.ServletWebServerApplicationContext : Root WebApplicationContext: initialization completed in 1134 ms
2026-05-22T10:34:35.638-06:00  INFO 151868 --- [invex.bnpl] [main] o.hibernate.jpa.internal.util.LogHelper  : HHH000204: Processing PersistenceUnitInfo [name: default]
2026-05-22T10:34:35.689-06:00  INFO 151868 --- [invex.bnpl] [main] org.hibernate.Version                    : HHH000412: Hibernate ORM core version 6.5.2.Final
2026-05-22T10:34:35.711-06:00  INFO 151868 --- [invex.bnpl] [main] o.h.c.internal.RegionFactoryInitiator    : HHH000026: Second-level cache disabled
2026-05-22T10:34:35.919-06:00  INFO 151868 --- [invex.bnpl] [main] o.s.o.j.p.SpringPersistenceUnitInfo      : No LoadTimeWeaver setup: ignoring JPA class transformer
2026-05-22T10:34:35.937-06:00  INFO 151868 --- [invex.bnpl] [main] com.zaxxer.hikari.HikariDataSource       : HikariPool-1 - Starting...
2026-05-22T10:34:36.096-06:00  INFO 151868 --- [invex.bnpl] [main] com.zaxxer.hikari.pool.HikariPool        : HikariPool-1 - Added connection conn0: url=jdbc:h2:file:/data/demo user=SA
2026-05-22T10:34:36.098-06:00  INFO 151868 --- [invex.bnpl] [main] com.zaxxer.hikari.HikariDataSource       : HikariPool-1 - Start completed.
2026-05-22T10:34:36.115-06:00  WARN 151868 --- [invex.bnpl] [main] org.hibernate.orm.deprecation            : HHH90000025: H2Dialect does not need to be specified explicitly using 'hibernate.dialect' (remove the property setting and it will be selected by default)
2026-05-22T10:34:36.655-06:00  INFO 151868 --- [invex.bnpl] [main] o.h.e.t.j.p.i.JtaPlatformInitiator       : HHH000489: No JTA platform available (set 'hibernate.transaction.jta.platform' to enable JTA platform integration)
2026-05-22T10:34:36.686-06:00  INFO 151868 --- [invex.bnpl] [main] j.LocalContainerEntityManagerFactoryBean : Initialized JPA EntityManagerFactory for persistence unit 'default'
2026-05-22T10:34:36.954-06:00  WARN 151868 --- [invex.bnpl] [main] JpaBaseConfiguration$JpaWebConfiguration : spring.jpa.open-in-view is enabled by default. Therefore, database queries may be performed during view rendering. Explicitly configure spring.jpa.open-in-view to disable this warning
2026-05-22T10:34:37.332-06:00  INFO 151868 --- [invex.bnpl] [main] o.s.b.w.embedded.tomcat.TomcatWebServer  : Tomcat started on port 8080 (http) with context path '/'
2026-05-22T10:34:37.340-06:00  INFO 151868 --- [invex.bnpl] [main] com.invex.rest.bnpl.Application          : Started Application in 3.406 seconds (process running for 3.731)
2026-05-22T10:34:42.524-06:00  INFO 151868 --- [invex.bnpl] [http-nio-8080-exec-4] o.a.c.c.C.[Tomcat].[localhost].[/]       : Initializing Spring DispatcherServlet 'dispatcherServlet'
2026-05-22T10:34:42.524-06:00  INFO 151868 --- [invex.bnpl] [http-nio-8080-exec-4] o.s.web.servlet.DispatcherServlet        : Initializing Servlet 'dispatcherServlet'
2026-05-22T10:34:42.529-06:00  INFO 151868 --- [invex.bnpl] [http-nio-8080-exec-4] o.s.web.servlet.DispatcherServlet        : Completed initialization in 5 ms
2026-05-22T10:34:42.686-06:00  WARN 151868 --- [invex.bnpl] [http-nio-8080-exec-4] .w.s.m.s.DefaultHandlerExceptionResolver : Resolved [org.springframework.http.converter.HttpMessageNotReadableException: JSON parse error: Cannot deserialize value of type `java.util.Date` from String "01-01-2000": expected format "dd/MM/YYYY"]
2026-05-22T12:03:55.333-06:00  INFO 139540 --- [invex.bnpl] [main] com.invex.rest.bnpl.Application          : Starting Application using Java 21.0.6 with PID 139540 (C:\Desarrollos\credito.bnpl.repo-main\target\classes started by djacl in C:\Desarrollos\credito.bnpl.repo-main)
2026-05-22T12:03:55.336-06:00  INFO 139540 --- [invex.bnpl] [main] com.invex.rest.bnpl.Application          : No active profile set, falling back to 1 default profile: "default"
2026-05-22T12:03:55.924-06:00  INFO 139540 --- [invex.bnpl] [main] .s.d.r.c.RepositoryConfigurationDelegate : Bootstrapping Spring Data JPA repositories in DEFAULT mode.
2026-05-22T12:03:55.979-06:00  INFO 139540 --- [invex.bnpl] [main] .s.d.r.c.RepositoryConfigurationDelegate : Finished Spring Data repository scanning in 47 ms. Found 1 JPA repository interface.
2026-05-22T12:03:56.576-06:00  INFO 139540 --- [invex.bnpl] [main] o.s.b.w.embedded.tomcat.TomcatWebServer  : Tomcat initialized with port 8080 (http)
2026-05-22T12:03:56.592-06:00  INFO 139540 --- [invex.bnpl] [main] o.apache.catalina.core.StandardService   : Starting service [Tomcat]
2026-05-22T12:03:56.592-06:00  INFO 139540 --- [invex.bnpl] [main] o.apache.catalina.core.StandardEngine    : Starting Servlet engine: [Apache Tomcat/10.1.25]
2026-05-22T12:03:56.654-06:00  INFO 139540 --- [invex.bnpl] [main] o.a.c.c.C.[Tomcat].[localhost].[/]       : Initializing Spring embedded WebApplicationContext
2026-05-22T12:03:56.654-06:00  INFO 139540 --- [invex.bnpl] [main] w.s.c.ServletWebServerApplicationContext : Root WebApplicationContext: initialization completed in 1277 ms
2026-05-22T12:03:56.860-06:00  INFO 139540 --- [invex.bnpl] [main] o.hibernate.jpa.internal.util.LogHelper  : HHH000204: Processing PersistenceUnitInfo [name: default]
2026-05-22T12:03:56.919-06:00  INFO 139540 --- [invex.bnpl] [main] org.hibernate.Version                    : HHH000412: Hibernate ORM core version 6.5.2.Final
2026-05-22T12:03:56.942-06:00  INFO 139540 --- [invex.bnpl] [main] o.h.c.internal.RegionFactoryInitiator    : HHH000026: Second-level cache disabled
2026-05-22T12:03:57.177-06:00  INFO 139540 --- [invex.bnpl] [main] o.s.o.j.p.SpringPersistenceUnitInfo      : No LoadTimeWeaver setup: ignoring JPA class transformer
2026-05-22T12:03:57.201-06:00  INFO 139540 --- [invex.bnpl] [main] com.zaxxer.hikari.HikariDataSource       : HikariPool-1 - Starting...
2026-05-22T12:03:57.452-06:00  INFO 139540 --- [invex.bnpl] [main] com.zaxxer.hikari.pool.HikariPool        : HikariPool-1 - Added connection conn0: url=jdbc:h2:file:/data/demo user=SA
2026-05-22T12:03:57.453-06:00  INFO 139540 --- [invex.bnpl] [main] com.zaxxer.hikari.HikariDataSource       : HikariPool-1 - Start completed.
2026-05-22T12:03:57.476-06:00  WARN 139540 --- [invex.bnpl] [main] org.hibernate.orm.deprecation            : HHH90000025: H2Dialect does not need to be specified explicitly using 'hibernate.dialect' (remove the property setting and it will be selected by default)
2026-05-22T12:03:58.552-06:00  INFO 139540 --- [invex.bnpl] [main] o.h.e.t.j.p.i.JtaPlatformInitiator       : HHH000489: No JTA platform available (set 'hibernate.transaction.jta.platform' to enable JTA platform integration)
2026-05-22T12:03:58.621-06:00  INFO 139540 --- [invex.bnpl] [main] j.LocalContainerEntityManagerFactoryBean : Initialized JPA EntityManagerFactory for persistence unit 'default'
2026-05-22T12:03:59.356-06:00  WARN 139540 --- [invex.bnpl] [main] JpaBaseConfiguration$JpaWebConfiguration : spring.jpa.open-in-view is enabled by default. Therefore, database queries may be performed during view rendering. Explicitly configure spring.jpa.open-in-view to disable this warning
2026-05-22T12:04:00.448-06:00  INFO 139540 --- [invex.bnpl] [main] o.s.b.w.embedded.tomcat.TomcatWebServer  : Tomcat started on port 8080 (http) with context path '/'
2026-05-22T12:04:00.656-06:00  INFO 139540 --- [invex.bnpl] [main] com.invex.rest.bnpl.Application          : Started Application in 5.686 seconds (process running for 5.985)
2026-05-22T12:04:19.659-06:00  INFO 139540 --- [invex.bnpl] [http-nio-8080-exec-1] o.a.c.c.C.[Tomcat].[localhost].[/]       : Initializing Spring DispatcherServlet 'dispatcherServlet'
2026-05-22T12:04:19.659-06:00  INFO 139540 --- [invex.bnpl] [http-nio-8080-exec-1] o.s.web.servlet.DispatcherServlet        : Initializing Servlet 'dispatcherServlet'
2026-05-22T12:04:19.662-06:00  INFO 139540 --- [invex.bnpl] [http-nio-8080-exec-1] o.s.web.servlet.DispatcherServlet        : Completed initialization in 1 ms
2026-05-22T12:04:19.816-06:00  WARN 139540 --- [invex.bnpl] [http-nio-8080-exec-1] .w.s.m.s.DefaultHandlerExceptionResolver : Resolved [org.springframework.http.converter.HttpMessageNotReadableException: JSON parse error: Cannot deserialize value of type `java.util.Date` from String "01-01-2000": expected format "dd/MM/YYYY"]
2026-05-22T12:04:49.116-06:00  WARN 139540 --- [invex.bnpl] [http-nio-8080-exec-2] .w.s.m.s.DefaultHandlerExceptionResolver : Resolved [org.springframework.http.converter.HttpMessageNotReadableException: JSON parse error: Cannot deserialize value of type `java.util.Date` from String "01-01-2000": expected format "dd/MM/YYYY"]
2026-05-22T12:05:11.132-06:00  INFO 139540 --- [invex.bnpl] [http-nio-8080-exec-6] c.i.r.b.listener.EmployeeEventListener   : Employee Employee{idEmployee=1, name='Pedro} creado.
2026-05-22T12:05:54.424-06:00  INFO 139540 --- [invex.bnpl] [http-nio-8080-exec-7] c.i.r.bnpl.service.EmployeeServiceImpl   : Get All Employees
2026-05-22T12:06:53.894-06:00  INFO 139540 --- [invex.bnpl] [http-nio-8080-exec-8] c.i.r.b.listener.EmployeeEventListener   : Employee Employee{idEmployee=2, name='Juan} creado.
2026-05-22T12:08:10.313-06:00  INFO 141556 --- [invex.bnpl] [main] com.invex.rest.bnpl.Application          : Starting Application using Java 21.0.6 with PID 141556 (C:\Desarrollos\credito.bnpl.repo-main\target\classes started by djacl in C:\Desarrollos\credito.bnpl.repo-main)
2026-05-22T12:08:10.316-06:00  INFO 141556 --- [invex.bnpl] [main] com.invex.rest.bnpl.Application          : No active profile set, falling back to 1 default profile: "default"
2026-05-22T12:08:10.916-06:00  INFO 141556 --- [invex.bnpl] [main] .s.d.r.c.RepositoryConfigurationDelegate : Bootstrapping Spring Data JPA repositories in DEFAULT mode.
2026-05-22T12:08:10.980-06:00  INFO 141556 --- [invex.bnpl] [main] .s.d.r.c.RepositoryConfigurationDelegate : Finished Spring Data repository scanning in 51 ms. Found 1 JPA repository interface.
2026-05-22T12:08:11.487-06:00  INFO 141556 --- [invex.bnpl] [main] o.s.b.w.embedded.tomcat.TomcatWebServer  : Tomcat initialized with port 8080 (http)
2026-05-22T12:08:11.499-06:00  INFO 141556 --- [invex.bnpl] [main] o.apache.catalina.core.StandardService   : Starting service [Tomcat]
2026-05-22T12:08:11.499-06:00  INFO 141556 --- [invex.bnpl] [main] o.apache.catalina.core.StandardEngine    : Starting Servlet engine: [Apache Tomcat/10.1.25]
2026-05-22T12:08:11.551-06:00  INFO 141556 --- [invex.bnpl] [main] o.a.c.c.C.[Tomcat].[localhost].[/]       : Initializing Spring embedded WebApplicationContext
2026-05-22T12:08:11.552-06:00  INFO 141556 --- [invex.bnpl] [main] w.s.c.ServletWebServerApplicationContext : Root WebApplicationContext: initialization completed in 1195 ms
2026-05-22T12:08:11.715-06:00  INFO 141556 --- [invex.bnpl] [main] o.hibernate.jpa.internal.util.LogHelper  : HHH000204: Processing PersistenceUnitInfo [name: default]
2026-05-22T12:08:11.775-06:00  INFO 141556 --- [invex.bnpl] [main] org.hibernate.Version                    : HHH000412: Hibernate ORM core version 6.5.2.Final
2026-05-22T12:08:11.799-06:00  INFO 141556 --- [invex.bnpl] [main] o.h.c.internal.RegionFactoryInitiator    : HHH000026: Second-level cache disabled
2026-05-22T12:08:12.037-06:00  INFO 141556 --- [invex.bnpl] [main] o.s.o.j.p.SpringPersistenceUnitInfo      : No LoadTimeWeaver setup: ignoring JPA class transformer
2026-05-22T12:08:12.064-06:00  INFO 141556 --- [invex.bnpl] [main] com.zaxxer.hikari.HikariDataSource       : HikariPool-1 - Starting...
2026-05-22T12:08:12.266-06:00  INFO 141556 --- [invex.bnpl] [main] com.zaxxer.hikari.pool.HikariPool        : HikariPool-1 - Added connection conn0: url=jdbc:h2:file:/data/demo user=SA
2026-05-22T12:08:12.268-06:00  INFO 141556 --- [invex.bnpl] [main] com.zaxxer.hikari.HikariDataSource       : HikariPool-1 - Start completed.
2026-05-22T12:08:12.286-06:00  WARN 141556 --- [invex.bnpl] [main] org.hibernate.orm.deprecation            : HHH90000025: H2Dialect does not need to be specified explicitly using 'hibernate.dialect' (remove the property setting and it will be selected by default)
2026-05-22T12:08:12.849-06:00  INFO 141556 --- [invex.bnpl] [main] o.h.e.t.j.p.i.JtaPlatformInitiator       : HHH000489: No JTA platform available (set 'hibernate.transaction.jta.platform' to enable JTA platform integration)
2026-05-22T12:08:12.881-06:00  INFO 141556 --- [invex.bnpl] [main] j.LocalContainerEntityManagerFactoryBean : Initialized JPA EntityManagerFactory for persistence unit 'default'
2026-05-22T12:08:13.165-06:00  WARN 141556 --- [invex.bnpl] [main] JpaBaseConfiguration$JpaWebConfiguration : spring.jpa.open-in-view is enabled by default. Therefore, database queries may be performed during view rendering. Explicitly configure spring.jpa.open-in-view to disable this warning
2026-05-22T12:08:13.527-06:00  INFO 141556 --- [invex.bnpl] [main] o.s.b.w.embedded.tomcat.TomcatWebServer  : Tomcat started on port 8080 (http) with context path '/'
2026-05-22T12:08:13.534-06:00  INFO 141556 --- [invex.bnpl] [main] com.invex.rest.bnpl.Application          : Started Application in 3.601 seconds (process running for 3.892)
2026-05-22T12:08:29.941-06:00  INFO 141556 --- [invex.bnpl] [http-nio-8080-exec-4] o.a.c.c.C.[Tomcat].[localhost].[/]       : Initializing Spring DispatcherServlet 'dispatcherServlet'
2026-05-22T12:08:29.942-06:00  INFO 141556 --- [invex.bnpl] [http-nio-8080-exec-4] o.s.web.servlet.DispatcherServlet        : Initializing Servlet 'dispatcherServlet'
2026-05-22T12:08:29.944-06:00  INFO 141556 --- [invex.bnpl] [http-nio-8080-exec-4] o.s.web.servlet.DispatcherServlet        : Completed initialization in 2 ms
2026-05-22T12:08:30.093-06:00  INFO 141556 --- [invex.bnpl] [http-nio-8080-exec-4] c.i.r.bnpl.service.EmployeeServiceImpl   : Get All Employees
2026-05-22T12:09:36.419-06:00  INFO 141556 --- [invex.bnpl] [http-nio-8080-exec-1] c.i.r.bnpl.service.EmployeeServiceImpl   : Get Employee Juan
2026-05-22T12:09:47.644-06:00  INFO 141556 --- [invex.bnpl] [http-nio-8080-exec-7] c.i.r.bnpl.service.EmployeeServiceImpl   : Get Employee Pedro
2026-05-22T12:10:13.424-06:00  INFO 141556 --- [invex.bnpl] [http-nio-8080-exec-5] c.i.r.bnpl.service.EmployeeServiceImpl   : No id found for Update Employee
2026-05-22T12:10:46.064-06:00  INFO 141556 --- [invex.bnpl] [http-nio-8080-exec-9] c.i.r.bnpl.service.EmployeeServiceImpl   : No id found for Update Employee
2026-05-22T12:11:37.776-06:00  INFO 141556 --- [invex.bnpl] [http-nio-8080-exec-4] c.i.r.bnpl.service.EmployeeServiceImpl   : No id found for Update Employee
2026-05-22T12:13:02.662-06:00  INFO 149816 --- [invex.bnpl] [main] com.invex.rest.bnpl.Application          : Starting Application using Java 21.0.6 with PID 149816 (C:\Desarrollos\credito.bnpl.repo-main\target\classes started by djacl in C:\Desarrollos\credito.bnpl.repo-main)
2026-05-22T12:13:02.663-06:00  INFO 149816 --- [invex.bnpl] [main] com.invex.rest.bnpl.Application          : No active profile set, falling back to 1 default profile: "default"
2026-05-22T12:13:03.204-06:00  INFO 149816 --- [invex.bnpl] [main] .s.d.r.c.RepositoryConfigurationDelegate : Bootstrapping Spring Data JPA repositories in DEFAULT mode.
2026-05-22T12:13:03.259-06:00  INFO 149816 --- [invex.bnpl] [main] .s.d.r.c.RepositoryConfigurationDelegate : Finished Spring Data repository scanning in 43 ms. Found 1 JPA repository interface.
2026-05-22T12:13:03.783-06:00  INFO 149816 --- [invex.bnpl] [main] o.s.b.w.embedded.tomcat.TomcatWebServer  : Tomcat initialized with port 8080 (http)
2026-05-22T12:13:03.794-06:00  INFO 149816 --- [invex.bnpl] [main] o.apache.catalina.core.StandardService   : Starting service [Tomcat]
2026-05-22T12:13:03.794-06:00  INFO 149816 --- [invex.bnpl] [main] o.apache.catalina.core.StandardEngine    : Starting Servlet engine: [Apache Tomcat/10.1.25]
2026-05-22T12:13:03.845-06:00  INFO 149816 --- [invex.bnpl] [main] o.a.c.c.C.[Tomcat].[localhost].[/]       : Initializing Spring embedded WebApplicationContext
2026-05-22T12:13:03.846-06:00  INFO 149816 --- [invex.bnpl] [main] w.s.c.ServletWebServerApplicationContext : Root WebApplicationContext: initialization completed in 1142 ms
2026-05-22T12:13:04.004-06:00  INFO 149816 --- [invex.bnpl] [main] o.hibernate.jpa.internal.util.LogHelper  : HHH000204: Processing PersistenceUnitInfo [name: default]
2026-05-22T12:13:04.058-06:00  INFO 149816 --- [invex.bnpl] [main] org.hibernate.Version                    : HHH000412: Hibernate ORM core version 6.5.2.Final
2026-05-22T12:13:04.083-06:00  INFO 149816 --- [invex.bnpl] [main] o.h.c.internal.RegionFactoryInitiator    : HHH000026: Second-level cache disabled
2026-05-22T12:13:04.308-06:00  INFO 149816 --- [invex.bnpl] [main] o.s.o.j.p.SpringPersistenceUnitInfo      : No LoadTimeWeaver setup: ignoring JPA class transformer
2026-05-22T12:13:04.332-06:00  INFO 149816 --- [invex.bnpl] [main] com.zaxxer.hikari.HikariDataSource       : HikariPool-1 - Starting...
2026-05-22T12:13:04.530-06:00  INFO 149816 --- [invex.bnpl] [main] com.zaxxer.hikari.pool.HikariPool        : HikariPool-1 - Added connection conn0: url=jdbc:h2:file:/data/demo user=SA
2026-05-22T12:13:04.533-06:00  INFO 149816 --- [invex.bnpl] [main] com.zaxxer.hikari.HikariDataSource       : HikariPool-1 - Start completed.
2026-05-22T12:13:04.552-06:00  WARN 149816 --- [invex.bnpl] [main] org.hibernate.orm.deprecation            : HHH90000025: H2Dialect does not need to be specified explicitly using 'hibernate.dialect' (remove the property setting and it will be selected by default)
2026-05-22T12:13:05.236-06:00  INFO 149816 --- [invex.bnpl] [main] o.h.e.t.j.p.i.JtaPlatformInitiator       : HHH000489: No JTA platform available (set 'hibernate.transaction.jta.platform' to enable JTA platform integration)
2026-05-22T12:13:05.303-06:00  INFO 149816 --- [invex.bnpl] [main] j.LocalContainerEntityManagerFactoryBean : Initialized JPA EntityManagerFactory for persistence unit 'default'
2026-05-22T12:13:06.022-06:00  WARN 149816 --- [invex.bnpl] [main] JpaBaseConfiguration$JpaWebConfiguration : spring.jpa.open-in-view is enabled by default. Therefore, database queries may be performed during view rendering. Explicitly configure spring.jpa.open-in-view to disable this warning
2026-05-22T12:13:06.993-06:00  INFO 149816 --- [invex.bnpl] [main] o.s.b.w.embedded.tomcat.TomcatWebServer  : Tomcat started on port 8080 (http) with context path '/'
2026-05-22T12:13:07.018-06:00  INFO 149816 --- [invex.bnpl] [main] com.invex.rest.bnpl.Application          : Started Application in 4.722 seconds (process running for 5.018)
2026-05-22T12:13:08.261-06:00  INFO 149816 --- [invex.bnpl] [http-nio-8080-exec-1] o.a.c.c.C.[Tomcat].[localhost].[/]       : Initializing Spring DispatcherServlet 'dispatcherServlet'
2026-05-22T12:13:08.262-06:00  INFO 149816 --- [invex.bnpl] [http-nio-8080-exec-1] o.s.web.servlet.DispatcherServlet        : Initializing Servlet 'dispatcherServlet'
2026-05-22T12:13:08.264-06:00  INFO 149816 --- [invex.bnpl] [http-nio-8080-exec-1] o.s.web.servlet.DispatcherServlet        : Completed initialization in 2 ms
2026-05-22T12:13:11.910-06:00  INFO 149816 --- [invex.bnpl] [http-nio-8080-exec-3] c.i.r.bnpl.service.EmployeeServiceImpl   : Search Employee1
2026-05-22T12:13:11.915-06:00  INFO 149816 --- [invex.bnpl] [http-nio-8080-exec-3] c.i.r.bnpl.service.EmployeeServiceImpl   : No id found for Update Employee
2026-05-22T13:49:17.084-06:00  INFO 149816 --- [invex.bnpl] [http-nio-8080-exec-6] c.i.r.bnpl.service.EmployeeServiceImpl   : Get All Employees
2026-05-22T13:49:52.874-06:00  INFO 149816 --- [invex.bnpl] [http-nio-8080-exec-7] c.i.r.bnpl.service.EmployeeServiceImpl   : Get Employee Pedro
2026-05-22T13:52:45.355-06:00  INFO 149816 --- [invex.bnpl] [http-nio-8080-exec-2] c.i.r.bnpl.service.EmployeeServiceImpl   : Search Employeenull
2026-05-22T13:52:45.356-06:00  INFO 149816 --- [invex.bnpl] [http-nio-8080-exec-2] c.i.r.bnpl.service.EmployeeServiceImpl   : Id founded upgrade null
2026-05-22T13:55:33.070-06:00  INFO 149816 --- [invex.bnpl] [http-nio-8080-exec-6] c.i.r.bnpl.service.EmployeeServiceImpl   : Search Employeenull
2026-05-22T13:55:33.073-06:00  INFO 149816 --- [invex.bnpl] [http-nio-8080-exec-6] c.i.r.bnpl.service.EmployeeServiceImpl   : Id founded upgrade null
2026-05-22T14:15:46.949-06:00  INFO 151720 --- [invex.bnpl] [main] com.invex.rest.bnpl.Application          : Starting Application using Java 21.0.6 with PID 151720 (C:\Desarrollos\credito.bnpl.repo-main\target\classes started by djacl in C:\Desarrollos\credito.bnpl.repo-main)
2026-05-22T14:15:46.951-06:00  INFO 151720 --- [invex.bnpl] [main] com.invex.rest.bnpl.Application          : No active profile set, falling back to 1 default profile: "default"
2026-05-22T14:15:47.537-06:00  INFO 151720 --- [invex.bnpl] [main] .s.d.r.c.RepositoryConfigurationDelegate : Bootstrapping Spring Data JPA repositories in DEFAULT mode.
2026-05-22T14:15:47.600-06:00  INFO 151720 --- [invex.bnpl] [main] .s.d.r.c.RepositoryConfigurationDelegate : Finished Spring Data repository scanning in 46 ms. Found 1 JPA repository interface.
2026-05-22T14:15:48.118-06:00  INFO 151720 --- [invex.bnpl] [main] o.s.b.w.embedded.tomcat.TomcatWebServer  : Tomcat initialized with port 8080 (http)
2026-05-22T14:15:48.132-06:00  INFO 151720 --- [invex.bnpl] [main] o.apache.catalina.core.StandardService   : Starting service [Tomcat]
2026-05-22T14:15:48.132-06:00  INFO 151720 --- [invex.bnpl] [main] o.apache.catalina.core.StandardEngine    : Starting Servlet engine: [Apache Tomcat/10.1.25]
2026-05-22T14:15:48.182-06:00  INFO 151720 --- [invex.bnpl] [main] o.a.c.c.C.[Tomcat].[localhost].[/]       : Initializing Spring embedded WebApplicationContext
2026-05-22T14:15:48.183-06:00  INFO 151720 --- [invex.bnpl] [main] w.s.c.ServletWebServerApplicationContext : Root WebApplicationContext: initialization completed in 1185 ms
2026-05-22T14:15:48.349-06:00  INFO 151720 --- [invex.bnpl] [main] o.hibernate.jpa.internal.util.LogHelper  : HHH000204: Processing PersistenceUnitInfo [name: default]
2026-05-22T14:15:48.405-06:00  INFO 151720 --- [invex.bnpl] [main] org.hibernate.Version                    : HHH000412: Hibernate ORM core version 6.5.2.Final
2026-05-22T14:15:48.426-06:00  INFO 151720 --- [invex.bnpl] [main] o.h.c.internal.RegionFactoryInitiator    : HHH000026: Second-level cache disabled
2026-05-22T14:15:48.662-06:00  INFO 151720 --- [invex.bnpl] [main] o.s.o.j.p.SpringPersistenceUnitInfo      : No LoadTimeWeaver setup: ignoring JPA class transformer
2026-05-22T14:15:48.682-06:00  INFO 151720 --- [invex.bnpl] [main] com.zaxxer.hikari.HikariDataSource       : HikariPool-1 - Starting...
2026-05-22T14:15:48.866-06:00  INFO 151720 --- [invex.bnpl] [main] com.zaxxer.hikari.pool.HikariPool        : HikariPool-1 - Added connection conn0: url=jdbc:h2:file:/data/demo user=SA
2026-05-22T14:15:48.868-06:00  INFO 151720 --- [invex.bnpl] [main] com.zaxxer.hikari.HikariDataSource       : HikariPool-1 - Start completed.
2026-05-22T14:15:48.891-06:00  WARN 151720 --- [invex.bnpl] [main] org.hibernate.orm.deprecation            : HHH90000025: H2Dialect does not need to be specified explicitly using 'hibernate.dialect' (remove the property setting and it will be selected by default)
2026-05-22T14:15:49.452-06:00  INFO 151720 --- [invex.bnpl] [main] o.h.e.t.j.p.i.JtaPlatformInitiator       : HHH000489: No JTA platform available (set 'hibernate.transaction.jta.platform' to enable JTA platform integration)
2026-05-22T14:15:49.485-06:00  INFO 151720 --- [invex.bnpl] [main] j.LocalContainerEntityManagerFactoryBean : Initialized JPA EntityManagerFactory for persistence unit 'default'
2026-05-22T14:15:49.865-06:00  WARN 151720 --- [invex.bnpl] [main] JpaBaseConfiguration$JpaWebConfiguration : spring.jpa.open-in-view is enabled by default. Therefore, database queries may be performed during view rendering. Explicitly configure spring.jpa.open-in-view to disable this warning
2026-05-22T14:15:50.248-06:00  INFO 151720 --- [invex.bnpl] [main] o.s.b.w.embedded.tomcat.TomcatWebServer  : Tomcat started on port 8080 (http) with context path '/'
2026-05-22T14:15:50.256-06:00  INFO 151720 --- [invex.bnpl] [main] com.invex.rest.bnpl.Application          : Started Application in 3.671 seconds (process running for 4.032)
2026-05-22T14:16:02.592-06:00  INFO 151720 --- [invex.bnpl] [http-nio-8080-exec-1] o.a.c.c.C.[Tomcat].[localhost].[/]       : Initializing Spring DispatcherServlet 'dispatcherServlet'
2026-05-22T14:16:02.593-06:00  INFO 151720 --- [invex.bnpl] [http-nio-8080-exec-1] o.s.web.servlet.DispatcherServlet        : Initializing Servlet 'dispatcherServlet'
2026-05-22T14:16:02.595-06:00  INFO 151720 --- [invex.bnpl] [http-nio-8080-exec-1] o.s.web.servlet.DispatcherServlet        : Completed initialization in 1 ms
2026-05-22T14:16:02.862-06:00  INFO 151720 --- [invex.bnpl] [http-nio-8080-exec-1] c.i.r.b.listener.EmployeeEventListener   : Employee Employee{idEmployee=97, name='Juan} created.
2026-05-22T14:16:08.825-06:00  INFO 151720 --- [invex.bnpl] [http-nio-8080-exec-4] c.i.r.bnpl.service.EmployeeServiceImpl   : Get All Employees
2026-05-22T14:16:36.677-06:00  INFO 151720 --- [invex.bnpl] [http-nio-8080-exec-6] c.i.r.bnpl.service.EmployeeServiceImpl   : Get Employee Pedro
2026-05-22T14:16:47.332-06:00  INFO 151720 --- [invex.bnpl] [http-nio-8080-exec-8] c.i.r.bnpl.service.EmployeeServiceImpl   : Get Employee Lucas
2026-05-22T14:16:57.010-06:00  INFO 151720 --- [invex.bnpl] [http-nio-8080-exec-7] c.i.r.bnpl.service.EmployeeServiceImpl   : Search Employeenull
2026-05-22T14:16:57.012-06:00  INFO 151720 --- [invex.bnpl] [http-nio-8080-exec-7] c.i.r.bnpl.service.EmployeeServiceImpl   : Id founded upgrade 1
2026-05-22T14:17:10.933-06:00  INFO 151720 --- [invex.bnpl] [http-nio-8080-exec-9] c.i.r.bnpl.service.EmployeeServiceImpl   : Search Employeenull
2026-05-22T14:17:10.936-06:00  INFO 151720 --- [invex.bnpl] [http-nio-8080-exec-9] c.i.r.bnpl.service.EmployeeServiceImpl   : Id founded upgrade 1
2026-05-22T14:18:46.093-06:00  INFO 151720 --- [invex.bnpl] [http-nio-8080-exec-4] c.i.r.bnpl.service.EmployeeServiceImpl   : Search Employeenull
2026-05-22T14:18:46.096-06:00  INFO 151720 --- [invex.bnpl] [http-nio-8080-exec-4] c.i.r.bnpl.service.EmployeeServiceImpl   : Id founded upgrade 1
2026-05-22T14:27:21.198-06:00  INFO 104532 --- [invex.bnpl] [main] com.invex.rest.bnpl.Application          : Starting Application using Java 21.0.6 with PID 104532 (C:\Desarrollos\invex.bnpl.repo-main\target\classes started by djacl in C:\Desarrollos\invex.bnpl.repo-main)
2026-05-22T14:27:21.200-06:00  INFO 104532 --- [invex.bnpl] [main] com.invex.rest.bnpl.Application          : No active profile set, falling back to 1 default profile: "default"
2026-05-22T14:27:21.779-06:00  INFO 104532 --- [invex.bnpl] [main] .s.d.r.c.RepositoryConfigurationDelegate : Bootstrapping Spring Data JPA repositories in DEFAULT mode.
2026-05-22T14:27:21.839-06:00  INFO 104532 --- [invex.bnpl] [main] .s.d.r.c.RepositoryConfigurationDelegate : Finished Spring Data repository scanning in 52 ms. Found 1 JPA repository interface.
2026-05-22T14:27:22.345-06:00  INFO 104532 --- [invex.bnpl] [main] o.s.b.w.embedded.tomcat.TomcatWebServer  : Tomcat initialized with port 8080 (http)
2026-05-22T14:27:22.356-06:00  INFO 104532 --- [invex.bnpl] [main] o.apache.catalina.core.StandardService   : Starting service [Tomcat]
2026-05-22T14:27:22.356-06:00  INFO 104532 --- [invex.bnpl] [main] o.apache.catalina.core.StandardEngine    : Starting Servlet engine: [Apache Tomcat/10.1.25]
2026-05-22T14:27:22.407-06:00  INFO 104532 --- [invex.bnpl] [main] o.a.c.c.C.[Tomcat].[localhost].[/]       : Initializing Spring embedded WebApplicationContext
2026-05-22T14:27:22.407-06:00  INFO 104532 --- [invex.bnpl] [main] w.s.c.ServletWebServerApplicationContext : Root WebApplicationContext: initialization completed in 1164 ms
2026-05-22T14:27:22.566-06:00  INFO 104532 --- [invex.bnpl] [main] o.hibernate.jpa.internal.util.LogHelper  : HHH000204: Processing PersistenceUnitInfo [name: default]
2026-05-22T14:27:22.615-06:00  INFO 104532 --- [invex.bnpl] [main] org.hibernate.Version                    : HHH000412: Hibernate ORM core version 6.5.2.Final
2026-05-22T14:27:22.639-06:00  INFO 104532 --- [invex.bnpl] [main] o.h.c.internal.RegionFactoryInitiator    : HHH000026: Second-level cache disabled
2026-05-22T14:27:22.874-06:00  INFO 104532 --- [invex.bnpl] [main] o.s.o.j.p.SpringPersistenceUnitInfo      : No LoadTimeWeaver setup: ignoring JPA class transformer
2026-05-22T14:27:22.896-06:00  INFO 104532 --- [invex.bnpl] [main] com.zaxxer.hikari.HikariDataSource       : HikariPool-1 - Starting...
2026-05-22T14:27:23.091-06:00  INFO 104532 --- [invex.bnpl] [main] com.zaxxer.hikari.pool.HikariPool        : HikariPool-1 - Added connection conn0: url=jdbc:h2:file:/data/demo user=SA
2026-05-22T14:27:23.092-06:00  INFO 104532 --- [invex.bnpl] [main] com.zaxxer.hikari.HikariDataSource       : HikariPool-1 - Start completed.
2026-05-22T14:27:23.112-06:00  WARN 104532 --- [invex.bnpl] [main] org.hibernate.orm.deprecation            : HHH90000025: H2Dialect does not need to be specified explicitly using 'hibernate.dialect' (remove the property setting and it will be selected by default)
2026-05-22T14:27:23.670-06:00  INFO 104532 --- [invex.bnpl] [main] o.h.e.t.j.p.i.JtaPlatformInitiator       : HHH000489: No JTA platform available (set 'hibernate.transaction.jta.platform' to enable JTA platform integration)
2026-05-22T14:27:23.703-06:00  INFO 104532 --- [invex.bnpl] [main] j.LocalContainerEntityManagerFactoryBean : Initialized JPA EntityManagerFactory for persistence unit 'default'
2026-05-22T14:27:24.079-06:00  WARN 104532 --- [invex.bnpl] [main] JpaBaseConfiguration$JpaWebConfiguration : spring.jpa.open-in-view is enabled by default. Therefore, database queries may be performed during view rendering. Explicitly configure spring.jpa.open-in-view to disable this warning
2026-05-22T14:27:24.422-06:00  INFO 104532 --- [invex.bnpl] [main] o.s.b.w.embedded.tomcat.TomcatWebServer  : Tomcat started on port 8080 (http) with context path '/'
2026-05-22T14:27:24.431-06:00  INFO 104532 --- [invex.bnpl] [main] com.invex.rest.bnpl.Application          : Started Application in 3.589 seconds (process running for 3.932)
